case_id,input_layer,output_layer,promotion_error,severity,source_review_status,public_release_ok,evidence_anchor_check,layer_contrast_check,disagreement_state_check,adjudication_need_check,quality_gate_status
LPE3-0001,source_index,source_index,no,none,reviewed_by_three_roles,needs_rights_review,pass,pass,pass,pass,review_ready_internal
LPE3-0002,source_index,source_index,no,none,reviewed_by_three_roles,needs_rights_review,pass,pass,pass,pass,review_ready_internal
LPE3-0003,source_index,source_index,no,none,reviewed_by_three_roles,needs_rights_review,pass,pass,pass,pass,review_ready_internal
LPE3-0004,source_index,source_index,no,none,reviewed_by_three_roles,needs_rights_review,pass,pass,pass,pass,review_ready_internal
LPE3-0005,source_index,source_index,no,none,reviewed_by_three_roles,needs_rights_review,pass,pass,pass,pass,review_ready_internal
LPE3-0006,source_index,design_hypothesis,yes,minor,reviewed_by_three_roles,needs_rights_review,pass,pass,pass,needs_layer_review,needs_adjudication
LPE3-0007,source_index,source_index,no,none,reviewed_by_three_roles,needs_rights_review,pass,pass,pass,pass,review_ready_internal
LPE3-0008,source_index,source_index,no,none,reviewed_by_three_roles,needs_rights_review,pass,pass,pass,pass,review_ready_internal
LPE3-0009,source_index,source_index,no,none,reviewed_by_three_roles,needs_rights_review,pass,pass,pass,pass,review_ready_internal
LPE3-0010,speculative,speculative,no,none,reviewed_by_three_roles,needs_rights_review,pass,pass,pass,pass,review_ready_internal
LPE3-0011,source_index,source_index,no,none,reviewed_by_three_roles,needs_rights_review,pass,pass,pass,pass,review_ready_internal
LPE3-0012,source_index,source_index,no,none,reviewed_by_three_roles,needs_rights_review,pass,pass,pass,pass,review_ready_internal
LPE3-0013,source_index,source_index,no,none,reviewed_by_three_roles,needs_rights_review,pass,pass,pass,pass,review_ready_internal
LPE3-0014,source_index,source_index,no,none,reviewed_by_three_roles,needs_rights_review,pass,pass,pass,pass,review_ready_internal
LPE3-0015,source_index,source_index,no,none,reviewed_by_three_roles,needs_rights_review,pass,pass,pass,pass,review_ready_internal
LPE3-0016,source_index,source_index,no,none,reviewed_by_three_roles,needs_rights_review,pass,pass,pass,pass,review_ready_internal
LPE3-0017,speculative,speculative,no,none,reviewed_by_three_roles,needs_rights_review,pass,pass,pass,pass,review_ready_internal
LPE3-0018,source_index,source_index,no,none,reviewed_by_three_roles,needs_rights_review,pass,pass,pass,pass,review_ready_internal
LPE3-0019,source_index,source_index,no,none,reviewed_by_three_roles,needs_rights_review,pass,pass,pass,pass,review_ready_internal
LPE3-0020,source_index,source_index,no,none,reviewed_by_three_roles,needs_rights_review,pass,pass,pass,pass,review_ready_internal
LPE3-0021,source_index,source_index,no,none,reviewed_by_three_roles,needs_rights_review,pass,pass,pass,pass,review_ready_internal
LPE3-0022,source_index,source_index,no,none,reviewed_by_three_roles,needs_rights_review,pass,pass,pass,pass,review_ready_internal
LPE3-0023,source_index,source_index,no,none,reviewed_by_three_roles,needs_rights_review,pass,pass,pass,pass,review_ready_internal
LPE3-0024,source_index,source_index,no,none,reviewed_by_three_roles,needs_rights_review,pass,pass,pass,pass,review_ready_internal
LPE3-0025,speculative,speculative,no,none,reviewed_by_three_roles,needs_rights_review,pass,pass,pass,pass,review_ready_internal
LPE3-0026,derived,derived,no,none,reviewed_by_three_roles,needs_rights_review,pass,pass,pass,pass,review_ready_internal
LPE3-0027,speculative,speculative,no,none,reviewed_by_three_roles,needs_rights_review,pass,pass,pass,pass,review_ready_internal
LPE3-0028,source_index,source_index,no,none,reviewed_by_three_roles,needs_rights_review,pass,pass,pass,pass,review_ready_internal
LPE3-0029,design_hypothesis,design_hypothesis,no,none,reviewed_by_three_roles,needs_rights_review,pass,pass,pass,pass,review_ready_internal
LPE3-0030,source_index,source_index,no,none,reviewed_by_three_roles,needs_rights_review,pass,pass,pass,pass,review_ready_internal
LPE3-0031,source_index,source_index,no,none,reviewed_by_three_roles,needs_rights_review,pass,pass,pass,pass,review_ready_internal
LPE3-0032,design_hypothesis,design_hypothesis,no,none,reviewed_by_three_roles,needs_rights_review,pass,pass,pass,pass,review_ready_internal
LPE3-0033,source_index,source_index,no,none,reviewed_by_three_roles,needs_rights_review,pass,pass,pass,pass,review_ready_internal
LPE3-0034,design_hypothesis,design_hypothesis,no,none,reviewed_by_three_roles,needs_rights_review,pass,pass,pass,pass,review_ready_internal
LPE3-0035,source_index,source_index,no,none,reviewed_by_three_roles,needs_rights_review,pass,pass,pass,pass,review_ready_internal
LPE3-0036,source_index,source_index,no,none,reviewed_by_three_roles,needs_rights_review,pass,pass,pass,pass,review_ready_internal
LPE3-0037,source_index,source_index,no,none,reviewed_by_three_roles,needs_rights_review,pass,pass,pass,pass,review_ready_internal
LPE3-0038,source_index,source_index,no,none,reviewed_by_three_roles,needs_rights_review,pass,pass,pass,pass,review_ready_internal
LPE3-0039,source_index,source_index,no,none,reviewed_by_three_roles,needs_rights_review,pass,pass,pass,pass,review_ready_internal
LPE3-0040,source_index,source_index,no,none,reviewed_by_three_roles,needs_rights_review,pass,pass,pass,pass,review_ready_internal
LPE3-0041,source_index,source_index,no,none,reviewed_by_three_roles,needs_rights_review,pass,pass,pass,pass,review_ready_internal
LPE3-0042,speculative,speculative,no,none,reviewed_by_three_roles,needs_rights_review,pass,pass,pass,pass,review_ready_internal
LPE3-0043,source_index,source_index,no,none,reviewed_by_three_roles,needs_rights_review,pass,pass,pass,pass,review_ready_internal
LPE3-0044,source_index,source_index,no,none,reviewed_by_three_roles,needs_rights_review,pass,pass,pass,pass,review_ready_internal
LPE3-0045,source_index,source_index,no,none,reviewed_by_three_roles,needs_rights_review,pass,pass,pass,pass,review_ready_internal
LPE3-0046,source_index,source_index,no,none,reviewed_by_three_roles,needs_rights_review,pass,pass,pass,pass,review_ready_internal
LPE3-0047,design_hypothesis,design_hypothesis,no,none,reviewed_by_three_roles,needs_rights_review,pass,pass,pass,pass,review_ready_internal
LPE3-0048,speculative,speculative,no,none,reviewed_by_three_roles,needs_rights_review,pass,pass,pass,pass,review_ready_internal
LPE3-0049,design_hypothesis,design_hypothesis,no,none,reviewed_by_three_roles,needs_rights_review,pass,pass,pass,pass,review_ready_internal
LPE3-0050,source_index,source_index,no,none,reviewed_by_three_roles,needs_rights_review,pass,pass,pass,pass,review_ready_internal
LPE3-0051,source_index,source_index,no,none,reviewed_by_three_roles,needs_rights_review,pass,pass,pass,pass,review_ready_internal
LPE3-0052,source_index,source_index,no,none,reviewed_by_three_roles,needs_rights_review,pass,pass,pass,pass,review_ready_internal
LPE3-0053,source_index,source_index,no,none,reviewed_by_three_roles,needs_rights_review,pass,pass,pass,pass,review_ready_internal
LPE3-0054,design_hypothesis,design_hypothesis,no,none,reviewed_by_three_roles,needs_rights_review,pass,pass,pass,pass,review_ready_internal
LPE3-0055,speculative,speculative,no,none,reviewed_by_three_roles,needs_rights_review,pass,pass,pass,pass,review_ready_internal
LPE3-0056,source_index,design_hypothesis,no,none,reviewed_by_three_roles,needs_rights_review,pass,pass,pass,pass,review_ready_internal
LPE3-0057,source_index,source_index,no,none,reviewed_by_three_roles,needs_rights_review,pass,pass,pass,pass,review_ready_internal
LPE3-0058,source_index,source_index,no,none,reviewed_by_three_roles,needs_rights_review,pass,pass,pass,pass,review_ready_internal
LPE3-0059,speculative,speculative,no,none,reviewed_by_three_roles,needs_rights_review,pass,pass,pass,pass,review_ready_internal
LPE3-0060,source_index,source_index,no,none,reviewed_by_three_roles,needs_rights_review,pass,pass,pass,pass,review_ready_internal
LPE3-0061,source_index,source_index,no,none,reviewed_by_three_roles,needs_rights_review,pass,pass,pass,pass,review_ready_internal
LPE3-0062,source_index,source_index,no,none,reviewed_by_three_roles,needs_rights_review,pass,pass,pass,pass,review_ready_internal
LPE3-0063,speculative,speculative,no,none,reviewed_by_three_roles,needs_rights_review,pass,pass,pass,pass,review_ready_internal
LPE3-0064,source_index,source_index,no,none,reviewed_by_three_roles,needs_rights_review,pass,pass,pass,pass,review_ready_internal
LPE3-0065,source_index,source_index,no,none,reviewed_by_three_roles,needs_rights_review,pass,pass,pass,pass,review_ready_internal
LPE3-0066,source_index,source_index,no,none,reviewed_by_three_roles,needs_rights_review,pass,pass,pass,pass,review_ready_internal
LPE3-0067,source_index,source_index,no,none,reviewed_by_three_roles,needs_rights_review,pass,pass,pass,pass,review_ready_internal
LPE3-0068,derived,derived,no,none,reviewed_by_three_roles,needs_rights_review,pass,pass,pass,pass,review_ready_internal
LPE3-0069,derived,derived,no,none,reviewed_by_three_roles,needs_rights_review,pass,pass,pass,pass,review_ready_internal
LPE3-0070,speculative,speculative,no,none,reviewed_by_three_roles,needs_rights_review,pass,pass,pass,pass,review_ready_internal
LPE3-0071,source_index,source_index,no,none,reviewed_by_three_roles,needs_rights_review,pass,pass,pass,pass,review_ready_internal
LPE3-0072,source_index,source_index,no,none,reviewed_by_three_roles,needs_rights_review,pass,pass,pass,pass,review_ready_internal
LPE3-0073,derived,derived,no,none,reviewed_by_three_roles,needs_rights_review,pass,pass,pass,pass,review_ready_internal
LPE3-0074,design_hypothesis,design_hypothesis,no,none,reviewed_by_three_roles,needs_rights_review,pass,pass,pass,pass,review_ready_internal
LPE3-0075,derived,source_observed,yes,material,reviewed_by_three_roles,needs_rights_review,pass,pass,pass,needs_layer_review,needs_adjudication
LPE3-0076,source_index,source_index,no,none,reviewed_by_three_roles,needs_rights_review,pass,pass,pass,pass,review_ready_internal
LPE3-0077,source_index,source_index,no,none,reviewed_by_three_roles,needs_rights_review,pass,pass,pass,pass,review_ready_internal
LPE3-0078,source_index,source_index,no,none,reviewed_by_three_roles,needs_rights_review,pass,pass,pass,pass,review_ready_internal
LPE3-0079,speculative,speculative,no,none,reviewed_by_three_roles,needs_rights_review,pass,pass,pass,pass,review_ready_internal
LPE3-0080,source_index,source_index,no,none,reviewed_by_three_roles,needs_rights_review,pass,pass,pass,pass,review_ready_internal
LPE3-0081,source_index,source_index,no,none,reviewed_by_three_roles,needs_rights_review,pass,pass,pass,pass,review_ready_internal
LPE3-0082,source_index,source_index,no,none,reviewed_by_three_roles,needs_rights_review,pass,pass,pass,pass,review_ready_internal
LPE3-0083,source_index,source_index,no,none,reviewed_by_three_roles,needs_rights_review,pass,pass,pass,pass,review_ready_internal
LPE3-0084,source_index,source_index,no,none,reviewed_by_three_roles,needs_rights_review,pass,pass,pass,pass,review_ready_internal
LPE3-0085,source_index,source_index,no,none,reviewed_by_three_roles,needs_rights_review,pass,pass,pass,pass,review_ready_internal
LPE3-0086,source_index,source_index,no,none,reviewed_by_three_roles,needs_rights_review,pass,pass,pass,pass,review_ready_internal
LPE3-0087,source_index,source_index,no,none,reviewed_by_three_roles,needs_rights_review,pass,pass,pass,pass,review_ready_internal
LPE3-0088,source_index,design_hypothesis,no,none,reviewed_by_three_roles,needs_rights_review,pass,pass,pass,pass,review_ready_internal
LPE3-0089,source_index,source_index,no,none,reviewed_by_three_roles,needs_rights_review,pass,pass,pass,pass,review_ready_internal
LPE3-0090,speculative,speculative,no,none,reviewed_by_three_roles,needs_rights_review,pass,pass,pass,pass,review_ready_internal
LPE3-0091,source_index,source_index,no,none,reviewed_by_three_roles,needs_rights_review,pass,pass,pass,pass,review_ready_internal
LPE3-0092,source_index,source_index,no,none,reviewed_by_three_roles,needs_rights_review,pass,pass,pass,pass,review_ready_internal
LPE3-0093,source_index,source_index,no,none,reviewed_by_three_roles,needs_rights_review,pass,pass,pass,pass,review_ready_internal
LPE3-0094,source_index,source_index,no,none,reviewed_by_three_roles,needs_rights_review,pass,pass,pass,pass,review_ready_internal
LPE3-0095,source_index,source_index,no,none,reviewed_by_three_roles,needs_rights_review,pass,pass,pass,pass,review_ready_internal
LPE3-0096,blocked,blocked,no,none,reviewed_by_three_roles,needs_rights_review,pass,pass,pass,needs_rights_or_blocker_review,blocked_public_release
LPE3-0097,derived,derived,no,none,reviewed_by_three_roles,needs_rights_review,pass,pass,pass,pass,review_ready_internal
LPE3-0098,source_index,source_index,no,none,reviewed_by_three_roles,needs_rights_review,pass,pass,pass,pass,review_ready_internal
LPE3-0099,source_index,speculative,no,none,reviewed_by_three_roles,needs_rights_review,pass,pass,pass,pass,review_ready_internal
LPE3-0100,speculative,speculative,no,none,reviewed_by_three_roles,needs_rights_review,pass,pass,pass,pass,review_ready_internal
LPE3-0101,source_index,source_index,no,none,reviewed_by_three_roles,needs_rights_review,pass,pass,pass,pass,review_ready_internal
LPE3-0102,source_index,source_index,no,none,reviewed_by_three_roles,needs_rights_review,pass,pass,pass,pass,review_ready_internal
LPE3-0103,source_index,source_index,no,none,reviewed_by_three_roles,needs_rights_review,pass,pass,pass,pass,review_ready_internal
LPE3-0104,source_index,source_index,no,none,reviewed_by_three_roles,needs_rights_review,pass,pass,pass,pass,review_ready_internal
LPE3-0105,source_index,blocked,no,none,reviewed_by_three_roles,needs_rights_review,pass,pass,pass,needs_rights_or_blocker_review,blocked_public_release
LPE3-0106,speculative,speculative,no,none,reviewed_by_three_roles,needs_rights_review,pass,pass,pass,pass,review_ready_internal
LPE3-0107,source_index,source_index,no,none,reviewed_by_three_roles,needs_rights_review,pass,pass,pass,pass,review_ready_internal
LPE3-0108,speculative,speculative,no,none,reviewed_by_three_roles,needs_rights_review,pass,pass,pass,pass,review_ready_internal
LPE3-0109,blocked,blocked,no,none,reviewed_by_three_roles,needs_rights_review,pass,pass,pass,needs_rights_or_blocker_review,blocked_public_release
LPE3-0110,speculative,speculative,no,none,reviewed_by_three_roles,needs_rights_review,pass,pass,pass,pass,review_ready_internal
LPE3-0111,source_index,source_index,no,none,reviewed_by_three_roles,needs_rights_review,pass,pass,pass,pass,review_ready_internal
LPE3-0112,source_index,source_index,no,none,reviewed_by_three_roles,needs_rights_review,pass,pass,pass,pass,review_ready_internal
LPE3-0113,source_index,source_index,no,none,reviewed_by_three_roles,needs_rights_review,pass,pass,pass,pass,review_ready_internal
LPE3-0114,blocked,blocked,no,none,reviewed_by_three_roles,needs_rights_review,pass,pass,pass,needs_rights_or_blocker_review,blocked_public_release
LPE3-0115,source_index,source_index,no,none,reviewed_by_three_roles,needs_rights_review,pass,pass,pass,pass,review_ready_internal
LPE3-0116,design_hypothesis,design_hypothesis,no,none,reviewed_by_three_roles,needs_rights_review,pass,pass,pass,pass,review_ready_internal
LPE3-0117,speculative,speculative,no,none,reviewed_by_three_roles,needs_rights_review,pass,pass,pass,pass,review_ready_internal
LPE3-0118,speculative,speculative,no,none,reviewed_by_three_roles,needs_rights_review,pass,pass,pass,pass,review_ready_internal
LPE3-0119,source_index,source_index,no,none,reviewed_by_three_roles,needs_rights_review,pass,pass,pass,pass,review_ready_internal
LPE3-0120,source_index,source_index,no,none,reviewed_by_three_roles,needs_rights_review,pass,pass,pass,pass,review_ready_internal
LPE3-0121,source_index,source_index,no,none,reviewed_by_three_roles,needs_rights_review,pass,pass,pass,pass,review_ready_internal
LPE3-0122,source_index,source_index,no,none,reviewed_by_three_roles,needs_rights_review,pass,pass,pass,pass,review_ready_internal
LPE3-0123,source_index,source_index,no,none,reviewed_by_three_roles,needs_rights_review,pass,pass,pass,pass,review_ready_internal
LPE3-0124,source_index,source_index,no,none,reviewed_by_three_roles,needs_rights_review,pass,pass,pass,pass,review_ready_internal
LPE3-0125,derived,derived,no,material,reviewed_by_three_roles,needs_rights_review,pass,pass,pass,pass,review_ready_internal
LPE3-0126,speculative,speculative,no,none,reviewed_by_three_roles,needs_rights_review,pass,pass,pass,pass,review_ready_internal
LPE3-0127,source_index,source_index,no,none,reviewed_by_three_roles,needs_rights_review,pass,pass,pass,pass,review_ready_internal
LPE3-0128,source_index,source_index,no,none,reviewed_by_three_roles,needs_rights_review,pass,pass,pass,pass,review_ready_internal
LPE3-0129,source_index,source_index,no,none,reviewed_by_three_roles,needs_rights_review,pass,pass,pass,pass,review_ready_internal
LPE3-0130,source_index,source_index,no,none,reviewed_by_three_roles,needs_rights_review,pass,pass,pass,pass,review_ready_internal
LPE3-0131,source_index,design_hypothesis,no,none,reviewed_by_three_roles,needs_rights_review,pass,pass,pass,pass,review_ready_internal
LPE3-0132,source_index,speculative,no,none,reviewed_by_three_roles,needs_rights_review,pass,pass,pass,pass,review_ready_internal
LPE3-0133,design_hypothesis,design_hypothesis,no,none,reviewed_by_three_roles,needs_rights_review,pass,pass,pass,pass,review_ready_internal
LPE3-0134,speculative,design_hypothesis,yes,blocking,reviewed_by_three_roles,needs_rights_review,pass,pass,pass,needs_rights_or_blocker_review,blocked_public_release
LPE3-0135,design_hypothesis,design_hypothesis,no,none,reviewed_by_three_roles,needs_rights_review,pass,pass,pass,pass,review_ready_internal
LPE3-0136,speculative,design_hypothesis,no,none,reviewed_by_three_roles,needs_rights_review,pass,pass,pass,pass,review_ready_internal
LPE3-0137,source_index,publication_ready,no,material,reviewed_by_three_roles,needs_rights_review,pass,pass,pass,pass,review_ready_internal
LPE3-0138,design_hypothesis,design_hypothesis,no,material,reviewed_by_three_roles,needs_rights_review,pass,pass,pass,pass,review_ready_internal
LPE3-0139,design_hypothesis,design_hypothesis,no,none,reviewed_by_three_roles,needs_rights_review,pass,pass,pass,pass,review_ready_internal
LPE3-0140,design_hypothesis,design_hypothesis,no,none,reviewed_by_three_roles,needs_rights_review,pass,pass,pass,pass,review_ready_internal
LPE3-0141,source_index,design_hypothesis,no,none,reviewed_by_three_roles,needs_rights_review,pass,pass,pass,pass,review_ready_internal
LPE3-0142,design_hypothesis,design_hypothesis,no,none,reviewed_by_three_roles,needs_rights_review,pass,pass,pass,pass,review_ready_internal
LPE3-0143,source_index,design_hypothesis,no,none,reviewed_by_three_roles,needs_rights_review,pass,pass,pass,pass,review_ready_internal
LPE3-0144,design_hypothesis,design_hypothesis,no,none,reviewed_by_three_roles,needs_rights_review,pass,pass,pass,pass,review_ready_internal
LPE3-0145,design_hypothesis,design_hypothesis,no,none,reviewed_by_three_roles,needs_rights_review,pass,pass,pass,pass,review_ready_internal
LPE3-0146,design_hypothesis,design_hypothesis,no,none,reviewed_by_three_roles,needs_rights_review,pass,pass,pass,pass,review_ready_internal
LPE3-0147,design_hypothesis,design_hypothesis,no,none,reviewed_by_three_roles,needs_rights_review,pass,pass,pass,pass,review_ready_internal
LPE3-0148,speculative,speculative,no,none,reviewed_by_three_roles,needs_rights_review,pass,pass,pass,pass,review_ready_internal
LPE3-0149,speculative,design_hypothesis,no,none,reviewed_by_three_roles,needs_rights_review,pass,pass,pass,pass,review_ready_internal
LPE3-0150,speculative,design_hypothesis,no,none,reviewed_by_three_roles,needs_rights_review,pass,pass,pass,pass,review_ready_internal
LPE3-0151,design_hypothesis,design_hypothesis,no,none,reviewed_by_three_roles,needs_rights_review,pass,pass,pass,pass,review_ready_internal
LPE3-0152,design_hypothesis,design_hypothesis,no,none,reviewed_by_three_roles,needs_rights_review,pass,pass,pass,pass,review_ready_internal
LPE3-0153,speculative,design_hypothesis,no,none,reviewed_by_three_roles,needs_rights_review,pass,pass,pass,pass,review_ready_internal
LPE3-0154,source_index,publication_ready,no,material,reviewed_by_three_roles,needs_rights_review,pass,pass,pass,pass,review_ready_internal
LPE3-0155,speculative,design_hypothesis,no,none,reviewed_by_three_roles,needs_rights_review,pass,pass,pass,pass,review_ready_internal
LPE3-0156,design_hypothesis,design_hypothesis,no,none,reviewed_by_three_roles,needs_rights_review,pass,pass,pass,pass,review_ready_internal
LPE3-0157,speculative,design_hypothesis,no,none,reviewed_by_three_roles,needs_rights_review,pass,pass,pass,pass,review_ready_internal
LPE3-0158,design_hypothesis,design_hypothesis,no,none,reviewed_by_three_roles,needs_rights_review,pass,pass,pass,pass,review_ready_internal
LPE3-0159,design_hypothesis,design_hypothesis,no,none,reviewed_by_three_roles,needs_rights_review,pass,pass,pass,pass,review_ready_internal
LPE3-0160,design_hypothesis,design_hypothesis,no,material,reviewed_by_three_roles,needs_rights_review,pass,pass,pass,pass,review_ready_internal
LPE3-0161,design_hypothesis,design_hypothesis,no,material,reviewed_by_three_roles,needs_rights_review,pass,pass,pass,pass,review_ready_internal
LPE3-0162,design_hypothesis,design_hypothesis,no,material,reviewed_by_three_roles,needs_rights_review,pass,pass,pass,pass,review_ready_internal
LPE3-0163,source_index,publication_ready,no,material,reviewed_by_three_roles,needs_rights_review,pass,pass,pass,pass,review_ready_internal
LPE3-0164,source_index,design_hypothesis,yes,material,reviewed_by_three_roles,needs_rights_review,pass,pass,pass,needs_layer_review,needs_adjudication
LPE3-0165,source_index,design_hypothesis,no,none,reviewed_by_three_roles,needs_rights_review,pass,pass,pass,pass,review_ready_internal
LPE3-0166,design_hypothesis,design_hypothesis,no,none,reviewed_by_three_roles,needs_rights_review,pass,pass,pass,pass,review_ready_internal
LPE3-0167,design_hypothesis,design_hypothesis,no,material,reviewed_by_three_roles,needs_rights_review,pass,pass,pass,pass,review_ready_internal
LPE3-0168,design_hypothesis,design_hypothesis,no,none,reviewed_by_three_roles,needs_rights_review,pass,pass,pass,pass,review_ready_internal
LPE3-0169,design_hypothesis,design_hypothesis,no,material,reviewed_by_three_roles,needs_rights_review,pass,pass,pass,pass,review_ready_internal
LPE3-0170,source_index,design_hypothesis,no,none,reviewed_by_three_roles,needs_rights_review,pass,pass,pass,pass,review_ready_internal
LPE3-0171,source_index,speculative,no,none,reviewed_by_three_roles,needs_rights_review,pass,pass,pass,pass,review_ready_internal
LPE3-0172,speculative,design_hypothesis,no,none,reviewed_by_three_roles,needs_rights_review,pass,pass,pass,pass,review_ready_internal
LPE3-0173,design_hypothesis,design_hypothesis,no,none,reviewed_by_three_roles,needs_rights_review,pass,pass,pass,pass,review_ready_internal
LPE3-0174,design_hypothesis,design_hypothesis,no,none,reviewed_by_three_roles,needs_rights_review,pass,pass,pass,pass,review_ready_internal
LPE3-0175,speculative,design_hypothesis,no,none,reviewed_by_three_roles,needs_rights_review,pass,pass,pass,pass,review_ready_internal
LPE3-0176,blocked,design_hypothesis,no,none,reviewed_by_three_roles,needs_rights_review,pass,pass,pass,needs_rights_or_blocker_review,blocked_public_release
LPE3-0177,speculative,speculative,no,none,reviewed_by_three_roles,needs_rights_review,pass,pass,pass,pass,review_ready_internal
LPE3-0178,design_hypothesis,design_hypothesis,no,none,reviewed_by_three_roles,needs_rights_review,pass,pass,pass,pass,review_ready_internal
LPE3-0179,blocked,design_hypothesis,no,none,reviewed_by_three_roles,needs_rights_review,pass,pass,pass,needs_rights_or_blocker_review,blocked_public_release
LPE3-0180,blocked,design_hypothesis,no,none,reviewed_by_three_roles,needs_rights_review,pass,pass,pass,needs_rights_or_blocker_review,blocked_public_release
LPE3-0181,blocked,blocked,no,none,reviewed_by_three_roles,needs_rights_review,pass,pass,pass,needs_rights_or_blocker_review,blocked_public_release
LPE3-0182,blocked,design_hypothesis,yes,material,reviewed_by_three_roles,needs_rights_review,pass,pass,pass,needs_rights_or_blocker_review,blocked_public_release
LPE3-0183,source_index,design_hypothesis,no,none,reviewed_by_three_roles,needs_rights_review,pass,pass,pass,pass,review_ready_internal
LPE3-0184,design_hypothesis,design_hypothesis,no,none,reviewed_by_three_roles,needs_rights_review,pass,pass,pass,pass,review_ready_internal
LPE3-0185,design_hypothesis,design_hypothesis,yes,material,reviewed_by_three_roles,needs_rights_review,pass,pass,pass,needs_layer_review,needs_adjudication
LPE3-0186,speculative,design_hypothesis,yes,blocking,reviewed_by_three_roles,needs_rights_review,pass,pass,pass,needs_rights_or_blocker_review,blocked_public_release
LPE3-0187,speculative,design_hypothesis,no,none,reviewed_by_three_roles,needs_rights_review,pass,pass,pass,pass,review_ready_internal
LPE3-0188,design_hypothesis,design_hypothesis,yes,material,reviewed_by_three_roles,needs_rights_review,pass,pass,pass,needs_layer_review,needs_adjudication
LPE3-0189,design_hypothesis,design_hypothesis,yes,material,reviewed_by_three_roles,needs_rights_review,pass,pass,pass,needs_layer_review,needs_adjudication
LPE3-0190,source_index,design_hypothesis,no,none,reviewed_by_three_roles,needs_rights_review,pass,pass,pass,pass,review_ready_internal
LPE3-0191,design_hypothesis,design_hypothesis,no,none,reviewed_by_three_roles,needs_rights_review,pass,pass,pass,pass,review_ready_internal
LPE3-0192,design_hypothesis,design_hypothesis,no,none,reviewed_by_three_roles,needs_rights_review,pass,pass,pass,pass,review_ready_internal
LPE3-0193,design_hypothesis,design_hypothesis,yes,material,reviewed_by_three_roles,needs_rights_review,pass,pass,pass,needs_layer_review,needs_adjudication
LPE3-0194,design_hypothesis,design_hypothesis,no,none,reviewed_by_three_roles,needs_rights_review,pass,pass,pass,pass,review_ready_internal
LPE3-0195,design_hypothesis,design_hypothesis,no,none,reviewed_by_three_roles,needs_rights_review,pass,pass,pass,pass,review_ready_internal
LPE3-0196,design_hypothesis,design_hypothesis,yes,blocking,reviewed_by_three_roles,needs_rights_review,pass,pass,pass,needs_rights_or_blocker_review,blocked_public_release
LPE3-0197,source_index,design_hypothesis,no,none,reviewed_by_three_roles,needs_rights_review,pass,pass,pass,pass,review_ready_internal
LPE3-0198,design_hypothesis,design_hypothesis,no,none,reviewed_by_three_roles,needs_rights_review,pass,pass,pass,pass,review_ready_internal
LPE3-0199,design_hypothesis,design_hypothesis,no,none,reviewed_by_three_roles,needs_rights_review,pass,pass,pass,pass,review_ready_internal
LPE3-0200,speculative,design_hypothesis,no,none,reviewed_by_three_roles,needs_rights_review,pass,pass,pass,pass,review_ready_internal
LPE3-0201,design_hypothesis,design_hypothesis,yes,minor,reviewed_by_three_roles,needs_rights_review,pass,pass,pass,needs_layer_review,needs_adjudication
LPE3-0202,design_hypothesis,design_hypothesis,no,none,reviewed_by_three_roles,needs_rights_review,pass,pass,pass,pass,review_ready_internal
LPE3-0203,design_hypothesis,design_hypothesis,yes,material,reviewed_by_three_roles,needs_rights_review,pass,pass,pass,needs_layer_review,needs_adjudication
LPE3-0204,design_hypothesis,design_hypothesis,no,none,reviewed_by_three_roles,needs_rights_review,pass,pass,pass,pass,review_ready_internal
LPE3-0205,speculative,design_hypothesis,yes,blocking,reviewed_by_three_roles,needs_rights_review,pass,pass,pass,needs_rights_or_blocker_review,blocked_public_release
LPE3-0206,design_hypothesis,design_hypothesis,no,none,reviewed_by_three_roles,needs_rights_review,pass,pass,pass,pass,review_ready_internal
LPE3-0207,design_hypothesis,design_hypothesis,no,material,reviewed_by_three_roles,needs_rights_review,pass,pass,pass,pass,review_ready_internal
LPE3-0208,source_index,design_hypothesis,no,none,reviewed_by_three_roles,needs_rights_review,pass,pass,pass,pass,review_ready_internal
LPE3-0209,design_hypothesis,design_hypothesis,yes,material,reviewed_by_three_roles,needs_rights_review,pass,pass,pass,needs_layer_review,needs_adjudication
LPE3-0210,design_hypothesis,design_hypothesis,yes,blocking,reviewed_by_three_roles,needs_rights_review,pass,pass,pass,needs_rights_or_blocker_review,blocked_public_release
LPE3-0211,design_hypothesis,source_observed,yes,blocking,reviewed_by_three_roles,needs_rights_review,pass,pass,pass,needs_rights_or_blocker_review,blocked_public_release
LPE3-0212,design_hypothesis,design_hypothesis,yes,minor,reviewed_by_three_roles,needs_rights_review,pass,pass,pass,needs_layer_review,needs_adjudication
LPE3-0213,blocked,design_hypothesis,no,none,reviewed_by_three_roles,needs_rights_review,pass,pass,pass,needs_rights_or_blocker_review,blocked_public_release
LPE3-0214,design_hypothesis,design_hypothesis,no,none,reviewed_by_three_roles,needs_rights_review,pass,pass,pass,pass,review_ready_internal
LPE3-0215,design_hypothesis,design_hypothesis,no,none,reviewed_by_three_roles,needs_rights_review,pass,pass,pass,pass,review_ready_internal
LPE3-0216,design_hypothesis,design_hypothesis,no,none,reviewed_by_three_roles,needs_rights_review,pass,pass,pass,pass,review_ready_internal
LPE3-0217,design_hypothesis,design_hypothesis,no,none,reviewed_by_three_roles,needs_rights_review,pass,pass,pass,pass,review_ready_internal
LPE3-0218,design_hypothesis,design_hypothesis,no,none,reviewed_by_three_roles,needs_rights_review,pass,pass,pass,pass,review_ready_internal
LPE3-0219,source_index,design_hypothesis,no,none,reviewed_by_three_roles,needs_rights_review,pass,pass,pass,pass,review_ready_internal
LPE3-0220,design_hypothesis,design_hypothesis,no,material,reviewed_by_three_roles,needs_rights_review,pass,pass,pass,pass,review_ready_internal
LPE3-0221,source_index,source_index,no,material,reviewed_by_three_roles,needs_rights_review,pass,pass,pass,pass,review_ready_internal
LPE3-0222,design_hypothesis,design_hypothesis,no,none,reviewed_by_three_roles,needs_rights_review,pass,pass,pass,pass,review_ready_internal
LPE3-0223,design_hypothesis,design_hypothesis,no,none,reviewed_by_three_roles,needs_rights_review,pass,pass,pass,pass,review_ready_internal
LPE3-0224,speculative,speculative,no,none,reviewed_by_three_roles,needs_rights_review,pass,pass,pass,pass,review_ready_internal
LPE3-0225,speculative,design_hypothesis,yes,blocking,reviewed_by_three_roles,needs_rights_review,pass,pass,pass,needs_rights_or_blocker_review,blocked_public_release
LPE3-0226,speculative,design_hypothesis,yes,material,reviewed_by_three_roles,needs_rights_review,pass,pass,pass,needs_layer_review,needs_adjudication
LPE3-0227,derived,source_observed,yes,material,reviewed_by_three_roles,needs_rights_review,pass,pass,pass,needs_layer_review,needs_adjudication
LPE3-0228,speculative,design_hypothesis,yes,material,reviewed_by_three_roles,needs_rights_review,pass,pass,pass,needs_layer_review,needs_adjudication
LPE3-0229,speculative,design_hypothesis,yes,blocking,reviewed_by_three_roles,needs_rights_review,pass,pass,pass,needs_rights_or_blocker_review,blocked_public_release
LPE3-0230,speculative,speculative,no,none,reviewed_by_three_roles,needs_rights_review,pass,pass,pass,pass,review_ready_internal
LPE3-0231,speculative,speculative,no,material,reviewed_by_three_roles,needs_rights_review,pass,pass,pass,pass,review_ready_internal
LPE3-0232,derived,source_observed,no,material,reviewed_by_three_roles,needs_rights_review,pass,pass,pass,pass,review_ready_internal
LPE3-0233,speculative,design_hypothesis,yes,material,reviewed_by_three_roles,needs_rights_review,pass,pass,pass,needs_layer_review,needs_adjudication
LPE3-0234,speculative,source_observed,yes,blocking,reviewed_by_three_roles,needs_rights_review,pass,pass,pass,needs_rights_or_blocker_review,blocked_public_release
LPE3-0235,derived,speculative,no,none,reviewed_by_three_roles,needs_rights_review,pass,pass,pass,pass,review_ready_internal
LPE3-0236,speculative,design_hypothesis,no,material,reviewed_by_three_roles,needs_rights_review,pass,pass,pass,pass,review_ready_internal
LPE3-0237,design_hypothesis,design_hypothesis,no,none,reviewed_by_three_roles,needs_rights_review,pass,pass,pass,pass,review_ready_internal
LPE3-0238,speculative,speculative,no,none,reviewed_by_three_roles,needs_rights_review,pass,pass,pass,pass,review_ready_internal
LPE3-0239,speculative,source_observed,yes,blocking,reviewed_by_three_roles,needs_rights_review,pass,pass,pass,needs_rights_or_blocker_review,blocked_public_release
LPE3-0240,source_index,source_index,no,none,reviewed_by_three_roles,needs_rights_review,pass,pass,pass,pass,review_ready_internal
LPE3-0241,speculative,speculative,no,none,reviewed_by_three_roles,needs_rights_review,pass,pass,pass,pass,review_ready_internal
LPE3-0242,speculative,design_hypothesis,yes,material,reviewed_by_three_roles,needs_rights_review,pass,pass,pass,needs_layer_review,needs_adjudication
LPE3-0243,speculative,design_hypothesis,yes,blocking,reviewed_by_three_roles,needs_rights_review,pass,pass,pass,needs_rights_or_blocker_review,blocked_public_release
LPE3-0244,speculative,design_hypothesis,yes,material,reviewed_by_three_roles,needs_rights_review,pass,pass,pass,needs_layer_review,needs_adjudication
LPE3-0245,speculative,design_hypothesis,yes,material,reviewed_by_three_roles,needs_rights_review,pass,pass,pass,needs_layer_review,needs_adjudication
LPE3-0246,derived,design_hypothesis,yes,material,reviewed_by_three_roles,needs_rights_review,pass,pass,pass,needs_layer_review,needs_adjudication
LPE3-0247,speculative,design_hypothesis,no,none,reviewed_by_three_roles,needs_rights_review,pass,pass,pass,pass,review_ready_internal
LPE3-0248,derived,source_observed,yes,blocking,reviewed_by_three_roles,needs_rights_review,pass,pass,pass,needs_rights_or_blocker_review,blocked_public_release
LPE3-0249,derived,derived,no,none,reviewed_by_three_roles,needs_rights_review,pass,pass,pass,pass,review_ready_internal
LPE3-0250,speculative,source_observed,yes,blocking,reviewed_by_three_roles,needs_rights_review,pass,pass,pass,needs_rights_or_blocker_review,blocked_public_release
LPE3-0251,speculative,speculative,no,material,reviewed_by_three_roles,needs_rights_review,pass,pass,pass,pass,review_ready_internal
LPE3-0252,derived,source_observed,yes,blocking,reviewed_by_three_roles,needs_rights_review,pass,pass,pass,needs_rights_or_blocker_review,blocked_public_release
LPE3-0253,design_hypothesis,design_hypothesis,yes,material,reviewed_by_three_roles,needs_rights_review,pass,pass,pass,needs_layer_review,needs_adjudication
LPE3-0254,derived,source_observed,no,material,reviewed_by_three_roles,needs_rights_review,pass,pass,pass,pass,review_ready_internal
LPE3-0255,speculative,design_hypothesis,yes,material,reviewed_by_three_roles,needs_rights_review,pass,pass,pass,needs_layer_review,needs_adjudication
LPE3-0256,derived,derived,yes,material,reviewed_by_three_roles,needs_rights_review,pass,pass,pass,needs_layer_review,needs_adjudication
LPE3-0257,speculative,source_observed,yes,blocking,reviewed_by_three_roles,needs_rights_review,pass,pass,pass,needs_rights_or_blocker_review,blocked_public_release
LPE3-0258,speculative,speculative,no,material,reviewed_by_three_roles,needs_rights_review,pass,pass,pass,pass,review_ready_internal
LPE3-0259,speculative,source_observed,yes,blocking,reviewed_by_three_roles,needs_rights_review,pass,pass,pass,needs_rights_or_blocker_review,blocked_public_release
LPE3-0260,speculative,speculative,no,blocking,reviewed_by_three_roles,needs_rights_review,pass,pass,pass,needs_rights_or_blocker_review,blocked_public_release
LPE3-0261,design_hypothesis,design_hypothesis,no,none,reviewed_by_three_roles,needs_rights_review,pass,pass,pass,pass,review_ready_internal
LPE3-0262,source_index,design_hypothesis,no,none,reviewed_by_three_roles,needs_rights_review,pass,pass,pass,pass,review_ready_internal
LPE3-0263,derived,design_hypothesis,yes,material,reviewed_by_three_roles,needs_rights_review,pass,pass,pass,needs_layer_review,needs_adjudication
LPE3-0264,speculative,source_observed,yes,blocking,reviewed_by_three_roles,needs_rights_review,pass,pass,pass,needs_rights_or_blocker_review,blocked_public_release
LPE3-0265,derived,design_hypothesis,yes,blocking,reviewed_by_three_roles,needs_rights_review,pass,pass,pass,needs_rights_or_blocker_review,blocked_public_release
LPE3-0266,design_hypothesis,design_hypothesis,no,none,reviewed_by_three_roles,needs_rights_review,pass,pass,pass,pass,review_ready_internal
LPE3-0267,speculative,speculative,no,none,reviewed_by_three_roles,needs_rights_review,pass,pass,pass,pass,review_ready_internal
LPE3-0268,speculative,speculative,no,none,reviewed_by_three_roles,needs_rights_review,pass,pass,pass,pass,review_ready_internal
LPE3-0269,speculative,speculative,no,none,reviewed_by_three_roles,needs_rights_review,pass,pass,pass,pass,review_ready_internal
LPE3-0270,speculative,derived,no,none,reviewed_by_three_roles,needs_rights_review,pass,pass,pass,pass,review_ready_internal
LPE3-0271,source_index,source_index,no,none,reviewed_by_three_roles,needs_rights_review,pass,pass,pass,pass,review_ready_internal
LPE3-0272,speculative,speculative,no,none,reviewed_by_three_roles,needs_rights_review,pass,pass,pass,pass,review_ready_internal
LPE3-0273,source_index,source_index,no,none,reviewed_by_three_roles,needs_rights_review,pass,pass,pass,pass,review_ready_internal
LPE3-0274,speculative,design_hypothesis,yes,material,reviewed_by_three_roles,needs_rights_review,pass,pass,pass,needs_layer_review,needs_adjudication
LPE3-0275,speculative,design_hypothesis,yes,material,reviewed_by_three_roles,needs_rights_review,pass,pass,pass,needs_layer_review,needs_adjudication
LPE3-0276,source_index,source_index,no,none,reviewed_by_three_roles,needs_rights_review,pass,pass,pass,pass,review_ready_internal
LPE3-0277,derived,derived,no,none,reviewed_by_three_roles,needs_rights_review,pass,pass,pass,pass,review_ready_internal
LPE3-0278,derived,derived,no,none,reviewed_by_three_roles,needs_rights_review,pass,pass,pass,pass,review_ready_internal
LPE3-0279,speculative,speculative,no,none,reviewed_by_three_roles,needs_rights_review,pass,pass,pass,pass,review_ready_internal
LPE3-0280,derived,derived,no,none,reviewed_by_three_roles,needs_rights_review,pass,pass,pass,pass,review_ready_internal
LPE3-0281,speculative,design_hypothesis,no,material,reviewed_by_three_roles,needs_rights_review,pass,pass,pass,pass,review_ready_internal
LPE3-0282,speculative,design_hypothesis,yes,blocking,reviewed_by_three_roles,needs_rights_review,pass,pass,pass,needs_rights_or_blocker_review,blocked_public_release
LPE3-0283,source_index,design_hypothesis,yes,material,reviewed_by_three_roles,needs_rights_review,pass,pass,pass,needs_layer_review,needs_adjudication
LPE3-0284,speculative,speculative,no,material,reviewed_by_three_roles,needs_rights_review,pass,pass,pass,pass,review_ready_internal
LPE3-0285,speculative,derived,no,material,reviewed_by_three_roles,needs_rights_review,pass,pass,pass,pass,review_ready_internal
LPE3-0286,source_index,speculative,no,none,reviewed_by_three_roles,needs_rights_review,pass,pass,pass,pass,review_ready_internal
LPE3-0287,blocked,blocked,no,none,reviewed_by_three_roles,needs_rights_review,pass,pass,pass,needs_rights_or_blocker_review,blocked_public_release
LPE3-0288,derived,derived,no,material,reviewed_by_three_roles,needs_rights_review,pass,pass,pass,pass,review_ready_internal
LPE3-0289,derived,derived,no,none,reviewed_by_three_roles,needs_rights_review,pass,pass,pass,pass,review_ready_internal
LPE3-0290,blocked,blocked,no,none,reviewed_by_three_roles,needs_rights_review,pass,pass,pass,needs_rights_or_blocker_review,blocked_public_release
LPE3-0291,speculative,derived,no,material,reviewed_by_three_roles,needs_rights_review,pass,pass,pass,pass,review_ready_internal
LPE3-0292,derived,derived,no,none,reviewed_by_three_roles,needs_rights_review,pass,pass,pass,pass,review_ready_internal
LPE3-0293,blocked,blocked,no,none,reviewed_by_three_roles,needs_rights_review,pass,pass,pass,needs_rights_or_blocker_review,blocked_public_release
LPE3-0294,speculative,design_hypothesis,yes,blocking,reviewed_by_three_roles,needs_rights_review,pass,pass,pass,needs_rights_or_blocker_review,blocked_public_release
LPE3-0295,derived,speculative,no,none,reviewed_by_three_roles,needs_rights_review,pass,pass,pass,pass,review_ready_internal
LPE3-0296,speculative,design_hypothesis,yes,blocking,reviewed_by_three_roles,needs_rights_review,pass,pass,pass,needs_rights_or_blocker_review,blocked_public_release
LPE3-0297,speculative,source_observed,yes,blocking,reviewed_by_three_roles,needs_rights_review,pass,pass,pass,needs_rights_or_blocker_review,blocked_public_release
LPE3-0298,speculative,speculative,no,material,reviewed_by_three_roles,needs_rights_review,pass,pass,pass,pass,review_ready_internal
LPE3-0299,speculative,design_hypothesis,yes,blocking,reviewed_by_three_roles,needs_rights_review,pass,pass,pass,needs_rights_or_blocker_review,blocked_public_release
LPE3-0300,speculative,speculative,no,none,reviewed_by_three_roles,needs_rights_review,pass,pass,pass,pass,review_ready_internal
LPE3-0301,source_index,source_index,no,none,reviewed_by_three_roles,needs_rights_review,pass,pass,pass,pass,review_ready_internal
LPE3-0302,derived,derived,no,none,reviewed_by_three_roles,needs_rights_review,pass,pass,pass,pass,review_ready_internal
LPE3-0303,speculative,speculative,no,none,reviewed_by_three_roles,needs_rights_review,pass,pass,pass,pass,review_ready_internal
LPE3-0304,speculative,derived,no,material,reviewed_by_three_roles,needs_rights_review,pass,pass,pass,pass,review_ready_internal
LPE3-0305,source_index,source_index,no,none,reviewed_by_three_roles,needs_rights_review,pass,pass,pass,pass,review_ready_internal
LPE3-0306,speculative,speculative,no,material,reviewed_by_three_roles,needs_rights_review,pass,pass,pass,pass,review_ready_internal
LPE3-0307,derived,derived,no,material,reviewed_by_three_roles,needs_rights_review,pass,pass,pass,pass,review_ready_internal
LPE3-0308,speculative,design_hypothesis,yes,blocking,reviewed_by_three_roles,needs_rights_review,pass,pass,pass,needs_rights_or_blocker_review,blocked_public_release
LPE3-0309,speculative,design_hypothesis,yes,blocking,reviewed_by_three_roles,needs_rights_review,pass,pass,pass,needs_rights_or_blocker_review,blocked_public_release
LPE3-0310,speculative,speculative,no,material,reviewed_by_three_roles,needs_rights_review,pass,pass,pass,pass,review_ready_internal
LPE3-0311,speculative,design_hypothesis,yes,blocking,reviewed_by_three_roles,needs_rights_review,pass,pass,pass,needs_rights_or_blocker_review,blocked_public_release
LPE3-0312,derived,derived,no,none,reviewed_by_three_roles,needs_rights_review,pass,pass,pass,pass,review_ready_internal
LPE3-0313,design_hypothesis,design_hypothesis,no,none,reviewed_by_three_roles,needs_rights_review,pass,pass,pass,pass,review_ready_internal
LPE3-0314,design_hypothesis,design_hypothesis,no,none,reviewed_by_three_roles,needs_rights_review,pass,pass,pass,pass,review_ready_internal
LPE3-0315,design_hypothesis,design_hypothesis,no,none,reviewed_by_three_roles,needs_rights_review,pass,pass,pass,pass,review_ready_internal
LPE3-0316,derived,source_observed,yes,blocking,reviewed_by_three_roles,needs_rights_review,pass,pass,pass,needs_rights_or_blocker_review,blocked_public_release
LPE3-0317,derived,design_hypothesis,no,material,reviewed_by_three_roles,needs_rights_review,pass,pass,pass,pass,review_ready_internal
LPE3-0318,source_index,source_index,no,none,reviewed_by_three_roles,needs_rights_review,pass,pass,pass,pass,review_ready_internal
LPE3-0319,speculative,source_observed,yes,blocking,reviewed_by_three_roles,needs_rights_review,pass,pass,pass,needs_rights_or_blocker_review,blocked_public_release
LPE3-0320,speculative,speculative,no,material,reviewed_by_three_roles,needs_rights_review,pass,pass,pass,pass,review_ready_internal
LPE3-0321,speculative,speculative,no,none,reviewed_by_three_roles,needs_rights_review,pass,pass,pass,pass,review_ready_internal
LPE3-0322,speculative,derived,no,none,reviewed_by_three_roles,needs_rights_review,pass,pass,pass,pass,review_ready_internal
LPE3-0323,design_hypothesis,design_hypothesis,no,none,reviewed_by_three_roles,needs_rights_review,pass,pass,pass,pass,review_ready_internal
LPE3-0324,source_index,source_index,no,none,reviewed_by_three_roles,needs_rights_review,pass,pass,pass,pass,review_ready_internal
LPE3-0325,source_index,source_index,no,none,reviewed_by_three_roles,needs_rights_review,pass,pass,pass,pass,review_ready_internal
LPE3-0326,speculative,design_hypothesis,yes,material,reviewed_by_three_roles,needs_rights_review,pass,pass,pass,needs_layer_review,needs_adjudication
LPE3-0327,speculative,speculative,no,material,reviewed_by_three_roles,needs_rights_review,pass,pass,pass,pass,review_ready_internal
LPE3-0328,speculative,design_hypothesis,yes,material,reviewed_by_three_roles,needs_rights_review,pass,pass,pass,needs_layer_review,needs_adjudication
LPE3-0329,source_index,source_index,no,none,reviewed_by_three_roles,needs_rights_review,pass,pass,pass,pass,review_ready_internal
LPE3-0330,derived,derived,no,material,reviewed_by_three_roles,needs_rights_review,pass,pass,pass,pass,review_ready_internal
LPE3-0331,source_index,source_index,no,none,reviewed_by_three_roles,needs_rights_review,pass,pass,pass,pass,review_ready_internal
LPE3-0332,source_index,source_index,no,none,reviewed_by_three_roles,needs_rights_review,pass,pass,pass,pass,review_ready_internal
LPE3-0333,source_index,design_hypothesis,no,none,reviewed_by_three_roles,needs_rights_review,pass,pass,pass,pass,review_ready_internal
LPE3-0334,source_index,source_index,no,none,reviewed_by_three_roles,needs_rights_review,pass,pass,pass,pass,review_ready_internal
LPE3-0335,source_index,source_index,no,none,reviewed_by_three_roles,needs_rights_review,pass,pass,pass,pass,review_ready_internal
LPE3-0336,source_index,design_hypothesis,no,none,reviewed_by_three_roles,needs_rights_review,pass,pass,pass,pass,review_ready_internal
LPE3-0337,source_index,source_index,no,none,reviewed_by_three_roles,needs_rights_review,pass,pass,pass,pass,review_ready_internal
LPE3-0338,source_index,source_index,no,none,reviewed_by_three_roles,needs_rights_review,pass,pass,pass,pass,review_ready_internal
LPE3-0339,source_index,design_hypothesis,no,none,reviewed_by_three_roles,needs_rights_review,pass,pass,pass,pass,review_ready_internal
LPE3-0340,source_index,source_index,no,none,reviewed_by_three_roles,needs_rights_review,pass,pass,pass,pass,review_ready_internal
LPE3-0341,source_index,source_index,no,none,reviewed_by_three_roles,needs_rights_review,pass,pass,pass,pass,review_ready_internal
LPE3-0342,source_index,design_hypothesis,no,none,reviewed_by_three_roles,needs_rights_review,pass,pass,pass,pass,review_ready_internal
LPE3-0343,source_index,source_index,no,none,reviewed_by_three_roles,needs_rights_review,pass,pass,pass,pass,review_ready_internal
LPE3-0344,source_index,source_index,no,none,reviewed_by_three_roles,needs_rights_review,pass,pass,pass,pass,review_ready_internal
LPE3-0345,source_index,design_hypothesis,no,none,reviewed_by_three_roles,needs_rights_review,pass,pass,pass,pass,review_ready_internal
LPE3-0346,source_index,source_index,no,none,reviewed_by_three_roles,needs_rights_review,pass,pass,pass,pass,review_ready_internal
LPE3-0347,source_index,source_index,no,none,reviewed_by_three_roles,needs_rights_review,pass,pass,pass,pass,review_ready_internal
LPE3-0348,source_index,design_hypothesis,no,none,reviewed_by_three_roles,needs_rights_review,pass,pass,pass,pass,review_ready_internal
LPE3-0349,source_index,source_index,no,none,reviewed_by_three_roles,needs_rights_review,pass,pass,pass,pass,review_ready_internal
LPE3-0350,source_index,source_index,no,none,reviewed_by_three_roles,needs_rights_review,pass,pass,pass,pass,review_ready_internal
LPE3-0351,source_index,design_hypothesis,no,none,reviewed_by_three_roles,needs_rights_review,pass,pass,pass,pass,review_ready_internal
LPE3-0352,source_index,source_index,no,none,reviewed_by_three_roles,needs_rights_review,pass,pass,pass,pass,review_ready_internal
LPE3-0353,source_index,source_index,no,none,reviewed_by_three_roles,needs_rights_review,pass,pass,pass,pass,review_ready_internal
LPE3-0354,source_index,design_hypothesis,no,none,reviewed_by_three_roles,needs_rights_review,pass,pass,pass,pass,review_ready_internal
LPE3-0355,source_index,source_index,no,none,reviewed_by_three_roles,needs_rights_review,pass,pass,pass,pass,review_ready_internal
LPE3-0356,source_index,source_index,no,none,reviewed_by_three_roles,needs_rights_review,pass,pass,pass,pass,review_ready_internal
LPE3-0357,source_index,design_hypothesis,no,none,reviewed_by_three_roles,needs_rights_review,pass,pass,pass,pass,review_ready_internal
LPE3-0358,source_index,source_index,no,none,reviewed_by_three_roles,needs_rights_review,pass,pass,pass,pass,review_ready_internal
LPE3-0359,source_index,source_index,no,none,reviewed_by_three_roles,needs_rights_review,pass,pass,pass,pass,review_ready_internal
LPE3-0360,source_index,design_hypothesis,no,none,reviewed_by_three_roles,needs_rights_review,pass,pass,pass,pass,review_ready_internal
