worksheet_id,source_row_record,row_label,vowel_record,vowel_label,candidate_reading,source_layer,derived_layer_note,review_decision,character_glyph_decision,representative_evidence_locator,rights_status,unicode_name_candidate,property_notes,reviewer,review_date,blocking_issue
NA-CELL-001,NA-ROW-001,b,NA-VOWEL-001,a,ba,source_observed_26_by_8_cell_candidate,f/v row remains combined unless reviewer approves a derived split; do not treat 27/216 as source-observed,UNREVIEWED,UNDECIDED,MISSING,UNREVIEWED,UNASSIGNED,UNASSIGNED,MISSING,MISSING,source/glyph/rights/property review required
NA-CELL-002,NA-ROW-001,b,NA-VOWEL-002,i,bi,source_observed_26_by_8_cell_candidate,f/v row remains combined unless reviewer approves a derived split; do not treat 27/216 as source-observed,UNREVIEWED,UNDECIDED,MISSING,UNREVIEWED,UNASSIGNED,UNASSIGNED,MISSING,MISSING,source/glyph/rights/property review required
NA-CELL-003,NA-ROW-001,b,NA-VOWEL-003,o,bo,source_observed_26_by_8_cell_candidate,f/v row remains combined unless reviewer approves a derived split; do not treat 27/216 as source-observed,UNREVIEWED,UNDECIDED,MISSING,UNREVIEWED,UNASSIGNED,UNASSIGNED,MISSING,MISSING,source/glyph/rights/property review required
NA-CELL-004,NA-ROW-001,b,NA-VOWEL-004,u,bu,source_observed_26_by_8_cell_candidate,f/v row remains combined unless reviewer approves a derived split; do not treat 27/216 as source-observed,UNREVIEWED,UNDECIDED,MISSING,UNREVIEWED,UNASSIGNED,UNASSIGNED,MISSING,MISSING,source/glyph/rights/property review required
NA-CELL-005,NA-ROW-001,b,NA-VOWEL-005,e,be,source_observed_26_by_8_cell_candidate,f/v row remains combined unless reviewer approves a derived split; do not treat 27/216 as source-observed,UNREVIEWED,UNDECIDED,MISSING,UNREVIEWED,UNASSIGNED,UNASSIGNED,MISSING,MISSING,source/glyph/rights/property review required
NA-CELL-006,NA-ROW-001,b,NA-VOWEL-006,ị,bị,source_observed_26_by_8_cell_candidate,f/v row remains combined unless reviewer approves a derived split; do not treat 27/216 as source-observed,UNREVIEWED,UNDECIDED,MISSING,UNREVIEWED,UNASSIGNED,UNASSIGNED,MISSING,MISSING,source/glyph/rights/property review required
NA-CELL-007,NA-ROW-001,b,NA-VOWEL-007,ọ,bọ,source_observed_26_by_8_cell_candidate,f/v row remains combined unless reviewer approves a derived split; do not treat 27/216 as source-observed,UNREVIEWED,UNDECIDED,MISSING,UNREVIEWED,UNASSIGNED,UNASSIGNED,MISSING,MISSING,source/glyph/rights/property review required
NA-CELL-008,NA-ROW-001,b,NA-VOWEL-008,ụ,bụ,source_observed_26_by_8_cell_candidate,f/v row remains combined unless reviewer approves a derived split; do not treat 27/216 as source-observed,UNREVIEWED,UNDECIDED,MISSING,UNREVIEWED,UNASSIGNED,UNASSIGNED,MISSING,MISSING,source/glyph/rights/property review required
NA-CELL-009,NA-ROW-002,ch,NA-VOWEL-001,a,cha,source_observed_26_by_8_cell_candidate,f/v row remains combined unless reviewer approves a derived split; do not treat 27/216 as source-observed,UNREVIEWED,UNDECIDED,MISSING,UNREVIEWED,UNASSIGNED,UNASSIGNED,MISSING,MISSING,source/glyph/rights/property review required
NA-CELL-010,NA-ROW-002,ch,NA-VOWEL-002,i,chi,source_observed_26_by_8_cell_candidate,f/v row remains combined unless reviewer approves a derived split; do not treat 27/216 as source-observed,UNREVIEWED,UNDECIDED,MISSING,UNREVIEWED,UNASSIGNED,UNASSIGNED,MISSING,MISSING,source/glyph/rights/property review required
NA-CELL-011,NA-ROW-002,ch,NA-VOWEL-003,o,cho,source_observed_26_by_8_cell_candidate,f/v row remains combined unless reviewer approves a derived split; do not treat 27/216 as source-observed,UNREVIEWED,UNDECIDED,MISSING,UNREVIEWED,UNASSIGNED,UNASSIGNED,MISSING,MISSING,source/glyph/rights/property review required
NA-CELL-012,NA-ROW-002,ch,NA-VOWEL-004,u,chu,source_observed_26_by_8_cell_candidate,f/v row remains combined unless reviewer approves a derived split; do not treat 27/216 as source-observed,UNREVIEWED,UNDECIDED,MISSING,UNREVIEWED,UNASSIGNED,UNASSIGNED,MISSING,MISSING,source/glyph/rights/property review required
NA-CELL-013,NA-ROW-002,ch,NA-VOWEL-005,e,che,source_observed_26_by_8_cell_candidate,f/v row remains combined unless reviewer approves a derived split; do not treat 27/216 as source-observed,UNREVIEWED,UNDECIDED,MISSING,UNREVIEWED,UNASSIGNED,UNASSIGNED,MISSING,MISSING,source/glyph/rights/property review required
NA-CELL-014,NA-ROW-002,ch,NA-VOWEL-006,ị,chị,source_observed_26_by_8_cell_candidate,f/v row remains combined unless reviewer approves a derived split; do not treat 27/216 as source-observed,UNREVIEWED,UNDECIDED,MISSING,UNREVIEWED,UNASSIGNED,UNASSIGNED,MISSING,MISSING,source/glyph/rights/property review required
NA-CELL-015,NA-ROW-002,ch,NA-VOWEL-007,ọ,chọ,source_observed_26_by_8_cell_candidate,f/v row remains combined unless reviewer approves a derived split; do not treat 27/216 as source-observed,UNREVIEWED,UNDECIDED,MISSING,UNREVIEWED,UNASSIGNED,UNASSIGNED,MISSING,MISSING,source/glyph/rights/property review required
NA-CELL-016,NA-ROW-002,ch,NA-VOWEL-008,ụ,chụ,source_observed_26_by_8_cell_candidate,f/v row remains combined unless reviewer approves a derived split; do not treat 27/216 as source-observed,UNREVIEWED,UNDECIDED,MISSING,UNREVIEWED,UNASSIGNED,UNASSIGNED,MISSING,MISSING,source/glyph/rights/property review required
NA-CELL-017,NA-ROW-003,d,NA-VOWEL-001,a,da,source_observed_26_by_8_cell_candidate,f/v row remains combined unless reviewer approves a derived split; do not treat 27/216 as source-observed,UNREVIEWED,UNDECIDED,MISSING,UNREVIEWED,UNASSIGNED,UNASSIGNED,MISSING,MISSING,source/glyph/rights/property review required
NA-CELL-018,NA-ROW-003,d,NA-VOWEL-002,i,di,source_observed_26_by_8_cell_candidate,f/v row remains combined unless reviewer approves a derived split; do not treat 27/216 as source-observed,UNREVIEWED,UNDECIDED,MISSING,UNREVIEWED,UNASSIGNED,UNASSIGNED,MISSING,MISSING,source/glyph/rights/property review required
NA-CELL-019,NA-ROW-003,d,NA-VOWEL-003,o,do,source_observed_26_by_8_cell_candidate,f/v row remains combined unless reviewer approves a derived split; do not treat 27/216 as source-observed,UNREVIEWED,UNDECIDED,MISSING,UNREVIEWED,UNASSIGNED,UNASSIGNED,MISSING,MISSING,source/glyph/rights/property review required
NA-CELL-020,NA-ROW-003,d,NA-VOWEL-004,u,du,source_observed_26_by_8_cell_candidate,f/v row remains combined unless reviewer approves a derived split; do not treat 27/216 as source-observed,UNREVIEWED,UNDECIDED,MISSING,UNREVIEWED,UNASSIGNED,UNASSIGNED,MISSING,MISSING,source/glyph/rights/property review required
NA-CELL-021,NA-ROW-003,d,NA-VOWEL-005,e,de,source_observed_26_by_8_cell_candidate,f/v row remains combined unless reviewer approves a derived split; do not treat 27/216 as source-observed,UNREVIEWED,UNDECIDED,MISSING,UNREVIEWED,UNASSIGNED,UNASSIGNED,MISSING,MISSING,source/glyph/rights/property review required
NA-CELL-022,NA-ROW-003,d,NA-VOWEL-006,ị,dị,source_observed_26_by_8_cell_candidate,f/v row remains combined unless reviewer approves a derived split; do not treat 27/216 as source-observed,UNREVIEWED,UNDECIDED,MISSING,UNREVIEWED,UNASSIGNED,UNASSIGNED,MISSING,MISSING,source/glyph/rights/property review required
NA-CELL-023,NA-ROW-003,d,NA-VOWEL-007,ọ,dọ,source_observed_26_by_8_cell_candidate,f/v row remains combined unless reviewer approves a derived split; do not treat 27/216 as source-observed,UNREVIEWED,UNDECIDED,MISSING,UNREVIEWED,UNASSIGNED,UNASSIGNED,MISSING,MISSING,source/glyph/rights/property review required
NA-CELL-024,NA-ROW-003,d,NA-VOWEL-008,ụ,dụ,source_observed_26_by_8_cell_candidate,f/v row remains combined unless reviewer approves a derived split; do not treat 27/216 as source-observed,UNREVIEWED,UNDECIDED,MISSING,UNREVIEWED,UNASSIGNED,UNASSIGNED,MISSING,MISSING,source/glyph/rights/property review required
NA-CELL-025,NA-ROW-004,f/v,NA-VOWEL-001,a,f/va,source_observed_26_by_8_cell_candidate,f/v row remains combined unless reviewer approves a derived split; do not treat 27/216 as source-observed,UNREVIEWED,UNDECIDED,MISSING,UNREVIEWED,UNASSIGNED,UNASSIGNED,MISSING,MISSING,source/glyph/rights/property review required
NA-CELL-026,NA-ROW-004,f/v,NA-VOWEL-002,i,f/vi,source_observed_26_by_8_cell_candidate,f/v row remains combined unless reviewer approves a derived split; do not treat 27/216 as source-observed,UNREVIEWED,UNDECIDED,MISSING,UNREVIEWED,UNASSIGNED,UNASSIGNED,MISSING,MISSING,source/glyph/rights/property review required
NA-CELL-027,NA-ROW-004,f/v,NA-VOWEL-003,o,f/vo,source_observed_26_by_8_cell_candidate,f/v row remains combined unless reviewer approves a derived split; do not treat 27/216 as source-observed,UNREVIEWED,UNDECIDED,MISSING,UNREVIEWED,UNASSIGNED,UNASSIGNED,MISSING,MISSING,source/glyph/rights/property review required
NA-CELL-028,NA-ROW-004,f/v,NA-VOWEL-004,u,f/vu,source_observed_26_by_8_cell_candidate,f/v row remains combined unless reviewer approves a derived split; do not treat 27/216 as source-observed,UNREVIEWED,UNDECIDED,MISSING,UNREVIEWED,UNASSIGNED,UNASSIGNED,MISSING,MISSING,source/glyph/rights/property review required
NA-CELL-029,NA-ROW-004,f/v,NA-VOWEL-005,e,f/ve,source_observed_26_by_8_cell_candidate,f/v row remains combined unless reviewer approves a derived split; do not treat 27/216 as source-observed,UNREVIEWED,UNDECIDED,MISSING,UNREVIEWED,UNASSIGNED,UNASSIGNED,MISSING,MISSING,source/glyph/rights/property review required
NA-CELL-030,NA-ROW-004,f/v,NA-VOWEL-006,ị,f/vị,source_observed_26_by_8_cell_candidate,f/v row remains combined unless reviewer approves a derived split; do not treat 27/216 as source-observed,UNREVIEWED,UNDECIDED,MISSING,UNREVIEWED,UNASSIGNED,UNASSIGNED,MISSING,MISSING,source/glyph/rights/property review required
NA-CELL-031,NA-ROW-004,f/v,NA-VOWEL-007,ọ,f/vọ,source_observed_26_by_8_cell_candidate,f/v row remains combined unless reviewer approves a derived split; do not treat 27/216 as source-observed,UNREVIEWED,UNDECIDED,MISSING,UNREVIEWED,UNASSIGNED,UNASSIGNED,MISSING,MISSING,source/glyph/rights/property review required
NA-CELL-032,NA-ROW-004,f/v,NA-VOWEL-008,ụ,f/vụ,source_observed_26_by_8_cell_candidate,f/v row remains combined unless reviewer approves a derived split; do not treat 27/216 as source-observed,UNREVIEWED,UNDECIDED,MISSING,UNREVIEWED,UNASSIGNED,UNASSIGNED,MISSING,MISSING,source/glyph/rights/property review required
NA-CELL-033,NA-ROW-005,g,NA-VOWEL-001,a,ga,source_observed_26_by_8_cell_candidate,f/v row remains combined unless reviewer approves a derived split; do not treat 27/216 as source-observed,UNREVIEWED,UNDECIDED,MISSING,UNREVIEWED,UNASSIGNED,UNASSIGNED,MISSING,MISSING,source/glyph/rights/property review required
NA-CELL-034,NA-ROW-005,g,NA-VOWEL-002,i,gi,source_observed_26_by_8_cell_candidate,f/v row remains combined unless reviewer approves a derived split; do not treat 27/216 as source-observed,UNREVIEWED,UNDECIDED,MISSING,UNREVIEWED,UNASSIGNED,UNASSIGNED,MISSING,MISSING,source/glyph/rights/property review required
NA-CELL-035,NA-ROW-005,g,NA-VOWEL-003,o,go,source_observed_26_by_8_cell_candidate,f/v row remains combined unless reviewer approves a derived split; do not treat 27/216 as source-observed,UNREVIEWED,UNDECIDED,MISSING,UNREVIEWED,UNASSIGNED,UNASSIGNED,MISSING,MISSING,source/glyph/rights/property review required
NA-CELL-036,NA-ROW-005,g,NA-VOWEL-004,u,gu,source_observed_26_by_8_cell_candidate,f/v row remains combined unless reviewer approves a derived split; do not treat 27/216 as source-observed,UNREVIEWED,UNDECIDED,MISSING,UNREVIEWED,UNASSIGNED,UNASSIGNED,MISSING,MISSING,source/glyph/rights/property review required
NA-CELL-037,NA-ROW-005,g,NA-VOWEL-005,e,ge,source_observed_26_by_8_cell_candidate,f/v row remains combined unless reviewer approves a derived split; do not treat 27/216 as source-observed,UNREVIEWED,UNDECIDED,MISSING,UNREVIEWED,UNASSIGNED,UNASSIGNED,MISSING,MISSING,source/glyph/rights/property review required
NA-CELL-038,NA-ROW-005,g,NA-VOWEL-006,ị,gị,source_observed_26_by_8_cell_candidate,f/v row remains combined unless reviewer approves a derived split; do not treat 27/216 as source-observed,UNREVIEWED,UNDECIDED,MISSING,UNREVIEWED,UNASSIGNED,UNASSIGNED,MISSING,MISSING,source/glyph/rights/property review required
NA-CELL-039,NA-ROW-005,g,NA-VOWEL-007,ọ,gọ,source_observed_26_by_8_cell_candidate,f/v row remains combined unless reviewer approves a derived split; do not treat 27/216 as source-observed,UNREVIEWED,UNDECIDED,MISSING,UNREVIEWED,UNASSIGNED,UNASSIGNED,MISSING,MISSING,source/glyph/rights/property review required
NA-CELL-040,NA-ROW-005,g,NA-VOWEL-008,ụ,gụ,source_observed_26_by_8_cell_candidate,f/v row remains combined unless reviewer approves a derived split; do not treat 27/216 as source-observed,UNREVIEWED,UNDECIDED,MISSING,UNREVIEWED,UNASSIGNED,UNASSIGNED,MISSING,MISSING,source/glyph/rights/property review required
NA-CELL-041,NA-ROW-006,gb,NA-VOWEL-001,a,gba,source_observed_26_by_8_cell_candidate,f/v row remains combined unless reviewer approves a derived split; do not treat 27/216 as source-observed,UNREVIEWED,UNDECIDED,MISSING,UNREVIEWED,UNASSIGNED,UNASSIGNED,MISSING,MISSING,source/glyph/rights/property review required
NA-CELL-042,NA-ROW-006,gb,NA-VOWEL-002,i,gbi,source_observed_26_by_8_cell_candidate,f/v row remains combined unless reviewer approves a derived split; do not treat 27/216 as source-observed,UNREVIEWED,UNDECIDED,MISSING,UNREVIEWED,UNASSIGNED,UNASSIGNED,MISSING,MISSING,source/glyph/rights/property review required
NA-CELL-043,NA-ROW-006,gb,NA-VOWEL-003,o,gbo,source_observed_26_by_8_cell_candidate,f/v row remains combined unless reviewer approves a derived split; do not treat 27/216 as source-observed,UNREVIEWED,UNDECIDED,MISSING,UNREVIEWED,UNASSIGNED,UNASSIGNED,MISSING,MISSING,source/glyph/rights/property review required
NA-CELL-044,NA-ROW-006,gb,NA-VOWEL-004,u,gbu,source_observed_26_by_8_cell_candidate,f/v row remains combined unless reviewer approves a derived split; do not treat 27/216 as source-observed,UNREVIEWED,UNDECIDED,MISSING,UNREVIEWED,UNASSIGNED,UNASSIGNED,MISSING,MISSING,source/glyph/rights/property review required
NA-CELL-045,NA-ROW-006,gb,NA-VOWEL-005,e,gbe,source_observed_26_by_8_cell_candidate,f/v row remains combined unless reviewer approves a derived split; do not treat 27/216 as source-observed,UNREVIEWED,UNDECIDED,MISSING,UNREVIEWED,UNASSIGNED,UNASSIGNED,MISSING,MISSING,source/glyph/rights/property review required
NA-CELL-046,NA-ROW-006,gb,NA-VOWEL-006,ị,gbị,source_observed_26_by_8_cell_candidate,f/v row remains combined unless reviewer approves a derived split; do not treat 27/216 as source-observed,UNREVIEWED,UNDECIDED,MISSING,UNREVIEWED,UNASSIGNED,UNASSIGNED,MISSING,MISSING,source/glyph/rights/property review required
NA-CELL-047,NA-ROW-006,gb,NA-VOWEL-007,ọ,gbọ,source_observed_26_by_8_cell_candidate,f/v row remains combined unless reviewer approves a derived split; do not treat 27/216 as source-observed,UNREVIEWED,UNDECIDED,MISSING,UNREVIEWED,UNASSIGNED,UNASSIGNED,MISSING,MISSING,source/glyph/rights/property review required
NA-CELL-048,NA-ROW-006,gb,NA-VOWEL-008,ụ,gbụ,source_observed_26_by_8_cell_candidate,f/v row remains combined unless reviewer approves a derived split; do not treat 27/216 as source-observed,UNREVIEWED,UNDECIDED,MISSING,UNREVIEWED,UNASSIGNED,UNASSIGNED,MISSING,MISSING,source/glyph/rights/property review required
NA-CELL-049,NA-ROW-007,gh,NA-VOWEL-001,a,gha,source_observed_26_by_8_cell_candidate,f/v row remains combined unless reviewer approves a derived split; do not treat 27/216 as source-observed,UNREVIEWED,UNDECIDED,MISSING,UNREVIEWED,UNASSIGNED,UNASSIGNED,MISSING,MISSING,source/glyph/rights/property review required
NA-CELL-050,NA-ROW-007,gh,NA-VOWEL-002,i,ghi,source_observed_26_by_8_cell_candidate,f/v row remains combined unless reviewer approves a derived split; do not treat 27/216 as source-observed,UNREVIEWED,UNDECIDED,MISSING,UNREVIEWED,UNASSIGNED,UNASSIGNED,MISSING,MISSING,source/glyph/rights/property review required
NA-CELL-051,NA-ROW-007,gh,NA-VOWEL-003,o,gho,source_observed_26_by_8_cell_candidate,f/v row remains combined unless reviewer approves a derived split; do not treat 27/216 as source-observed,UNREVIEWED,UNDECIDED,MISSING,UNREVIEWED,UNASSIGNED,UNASSIGNED,MISSING,MISSING,source/glyph/rights/property review required
NA-CELL-052,NA-ROW-007,gh,NA-VOWEL-004,u,ghu,source_observed_26_by_8_cell_candidate,f/v row remains combined unless reviewer approves a derived split; do not treat 27/216 as source-observed,UNREVIEWED,UNDECIDED,MISSING,UNREVIEWED,UNASSIGNED,UNASSIGNED,MISSING,MISSING,source/glyph/rights/property review required
NA-CELL-053,NA-ROW-007,gh,NA-VOWEL-005,e,ghe,source_observed_26_by_8_cell_candidate,f/v row remains combined unless reviewer approves a derived split; do not treat 27/216 as source-observed,UNREVIEWED,UNDECIDED,MISSING,UNREVIEWED,UNASSIGNED,UNASSIGNED,MISSING,MISSING,source/glyph/rights/property review required
NA-CELL-054,NA-ROW-007,gh,NA-VOWEL-006,ị,ghị,source_observed_26_by_8_cell_candidate,f/v row remains combined unless reviewer approves a derived split; do not treat 27/216 as source-observed,UNREVIEWED,UNDECIDED,MISSING,UNREVIEWED,UNASSIGNED,UNASSIGNED,MISSING,MISSING,source/glyph/rights/property review required
NA-CELL-055,NA-ROW-007,gh,NA-VOWEL-007,ọ,ghọ,source_observed_26_by_8_cell_candidate,f/v row remains combined unless reviewer approves a derived split; do not treat 27/216 as source-observed,UNREVIEWED,UNDECIDED,MISSING,UNREVIEWED,UNASSIGNED,UNASSIGNED,MISSING,MISSING,source/glyph/rights/property review required
NA-CELL-056,NA-ROW-007,gh,NA-VOWEL-008,ụ,ghụ,source_observed_26_by_8_cell_candidate,f/v row remains combined unless reviewer approves a derived split; do not treat 27/216 as source-observed,UNREVIEWED,UNDECIDED,MISSING,UNREVIEWED,UNASSIGNED,UNASSIGNED,MISSING,MISSING,source/glyph/rights/property review required
NA-CELL-057,NA-ROW-008,gw,NA-VOWEL-001,a,gwa,source_observed_26_by_8_cell_candidate,f/v row remains combined unless reviewer approves a derived split; do not treat 27/216 as source-observed,UNREVIEWED,UNDECIDED,MISSING,UNREVIEWED,UNASSIGNED,UNASSIGNED,MISSING,MISSING,source/glyph/rights/property review required
NA-CELL-058,NA-ROW-008,gw,NA-VOWEL-002,i,gwi,source_observed_26_by_8_cell_candidate,f/v row remains combined unless reviewer approves a derived split; do not treat 27/216 as source-observed,UNREVIEWED,UNDECIDED,MISSING,UNREVIEWED,UNASSIGNED,UNASSIGNED,MISSING,MISSING,source/glyph/rights/property review required
NA-CELL-059,NA-ROW-008,gw,NA-VOWEL-003,o,gwo,source_observed_26_by_8_cell_candidate,f/v row remains combined unless reviewer approves a derived split; do not treat 27/216 as source-observed,UNREVIEWED,UNDECIDED,MISSING,UNREVIEWED,UNASSIGNED,UNASSIGNED,MISSING,MISSING,source/glyph/rights/property review required
NA-CELL-060,NA-ROW-008,gw,NA-VOWEL-004,u,gwu,source_observed_26_by_8_cell_candidate,f/v row remains combined unless reviewer approves a derived split; do not treat 27/216 as source-observed,UNREVIEWED,UNDECIDED,MISSING,UNREVIEWED,UNASSIGNED,UNASSIGNED,MISSING,MISSING,source/glyph/rights/property review required
NA-CELL-061,NA-ROW-008,gw,NA-VOWEL-005,e,gwe,source_observed_26_by_8_cell_candidate,f/v row remains combined unless reviewer approves a derived split; do not treat 27/216 as source-observed,UNREVIEWED,UNDECIDED,MISSING,UNREVIEWED,UNASSIGNED,UNASSIGNED,MISSING,MISSING,source/glyph/rights/property review required
NA-CELL-062,NA-ROW-008,gw,NA-VOWEL-006,ị,gwị,source_observed_26_by_8_cell_candidate,f/v row remains combined unless reviewer approves a derived split; do not treat 27/216 as source-observed,UNREVIEWED,UNDECIDED,MISSING,UNREVIEWED,UNASSIGNED,UNASSIGNED,MISSING,MISSING,source/glyph/rights/property review required
NA-CELL-063,NA-ROW-008,gw,NA-VOWEL-007,ọ,gwọ,source_observed_26_by_8_cell_candidate,f/v row remains combined unless reviewer approves a derived split; do not treat 27/216 as source-observed,UNREVIEWED,UNDECIDED,MISSING,UNREVIEWED,UNASSIGNED,UNASSIGNED,MISSING,MISSING,source/glyph/rights/property review required
NA-CELL-064,NA-ROW-008,gw,NA-VOWEL-008,ụ,gwụ,source_observed_26_by_8_cell_candidate,f/v row remains combined unless reviewer approves a derived split; do not treat 27/216 as source-observed,UNREVIEWED,UNDECIDED,MISSING,UNREVIEWED,UNASSIGNED,UNASSIGNED,MISSING,MISSING,source/glyph/rights/property review required
NA-CELL-065,NA-ROW-009,h,NA-VOWEL-001,a,ha,source_observed_26_by_8_cell_candidate,f/v row remains combined unless reviewer approves a derived split; do not treat 27/216 as source-observed,UNREVIEWED,UNDECIDED,MISSING,UNREVIEWED,UNASSIGNED,UNASSIGNED,MISSING,MISSING,source/glyph/rights/property review required
NA-CELL-066,NA-ROW-009,h,NA-VOWEL-002,i,hi,source_observed_26_by_8_cell_candidate,f/v row remains combined unless reviewer approves a derived split; do not treat 27/216 as source-observed,UNREVIEWED,UNDECIDED,MISSING,UNREVIEWED,UNASSIGNED,UNASSIGNED,MISSING,MISSING,source/glyph/rights/property review required
NA-CELL-067,NA-ROW-009,h,NA-VOWEL-003,o,ho,source_observed_26_by_8_cell_candidate,f/v row remains combined unless reviewer approves a derived split; do not treat 27/216 as source-observed,UNREVIEWED,UNDECIDED,MISSING,UNREVIEWED,UNASSIGNED,UNASSIGNED,MISSING,MISSING,source/glyph/rights/property review required
NA-CELL-068,NA-ROW-009,h,NA-VOWEL-004,u,hu,source_observed_26_by_8_cell_candidate,f/v row remains combined unless reviewer approves a derived split; do not treat 27/216 as source-observed,UNREVIEWED,UNDECIDED,MISSING,UNREVIEWED,UNASSIGNED,UNASSIGNED,MISSING,MISSING,source/glyph/rights/property review required
NA-CELL-069,NA-ROW-009,h,NA-VOWEL-005,e,he,source_observed_26_by_8_cell_candidate,f/v row remains combined unless reviewer approves a derived split; do not treat 27/216 as source-observed,UNREVIEWED,UNDECIDED,MISSING,UNREVIEWED,UNASSIGNED,UNASSIGNED,MISSING,MISSING,source/glyph/rights/property review required
NA-CELL-070,NA-ROW-009,h,NA-VOWEL-006,ị,hị,source_observed_26_by_8_cell_candidate,f/v row remains combined unless reviewer approves a derived split; do not treat 27/216 as source-observed,UNREVIEWED,UNDECIDED,MISSING,UNREVIEWED,UNASSIGNED,UNASSIGNED,MISSING,MISSING,source/glyph/rights/property review required
NA-CELL-071,NA-ROW-009,h,NA-VOWEL-007,ọ,họ,source_observed_26_by_8_cell_candidate,f/v row remains combined unless reviewer approves a derived split; do not treat 27/216 as source-observed,UNREVIEWED,UNDECIDED,MISSING,UNREVIEWED,UNASSIGNED,UNASSIGNED,MISSING,MISSING,source/glyph/rights/property review required
NA-CELL-072,NA-ROW-009,h,NA-VOWEL-008,ụ,hụ,source_observed_26_by_8_cell_candidate,f/v row remains combined unless reviewer approves a derived split; do not treat 27/216 as source-observed,UNREVIEWED,UNDECIDED,MISSING,UNREVIEWED,UNASSIGNED,UNASSIGNED,MISSING,MISSING,source/glyph/rights/property review required
NA-CELL-073,NA-ROW-010,j,NA-VOWEL-001,a,ja,source_observed_26_by_8_cell_candidate,f/v row remains combined unless reviewer approves a derived split; do not treat 27/216 as source-observed,UNREVIEWED,UNDECIDED,MISSING,UNREVIEWED,UNASSIGNED,UNASSIGNED,MISSING,MISSING,source/glyph/rights/property review required
NA-CELL-074,NA-ROW-010,j,NA-VOWEL-002,i,ji,source_observed_26_by_8_cell_candidate,f/v row remains combined unless reviewer approves a derived split; do not treat 27/216 as source-observed,UNREVIEWED,UNDECIDED,MISSING,UNREVIEWED,UNASSIGNED,UNASSIGNED,MISSING,MISSING,source/glyph/rights/property review required
NA-CELL-075,NA-ROW-010,j,NA-VOWEL-003,o,jo,source_observed_26_by_8_cell_candidate,f/v row remains combined unless reviewer approves a derived split; do not treat 27/216 as source-observed,UNREVIEWED,UNDECIDED,MISSING,UNREVIEWED,UNASSIGNED,UNASSIGNED,MISSING,MISSING,source/glyph/rights/property review required
NA-CELL-076,NA-ROW-010,j,NA-VOWEL-004,u,ju,source_observed_26_by_8_cell_candidate,f/v row remains combined unless reviewer approves a derived split; do not treat 27/216 as source-observed,UNREVIEWED,UNDECIDED,MISSING,UNREVIEWED,UNASSIGNED,UNASSIGNED,MISSING,MISSING,source/glyph/rights/property review required
NA-CELL-077,NA-ROW-010,j,NA-VOWEL-005,e,je,source_observed_26_by_8_cell_candidate,f/v row remains combined unless reviewer approves a derived split; do not treat 27/216 as source-observed,UNREVIEWED,UNDECIDED,MISSING,UNREVIEWED,UNASSIGNED,UNASSIGNED,MISSING,MISSING,source/glyph/rights/property review required
NA-CELL-078,NA-ROW-010,j,NA-VOWEL-006,ị,jị,source_observed_26_by_8_cell_candidate,f/v row remains combined unless reviewer approves a derived split; do not treat 27/216 as source-observed,UNREVIEWED,UNDECIDED,MISSING,UNREVIEWED,UNASSIGNED,UNASSIGNED,MISSING,MISSING,source/glyph/rights/property review required
NA-CELL-079,NA-ROW-010,j,NA-VOWEL-007,ọ,jọ,source_observed_26_by_8_cell_candidate,f/v row remains combined unless reviewer approves a derived split; do not treat 27/216 as source-observed,UNREVIEWED,UNDECIDED,MISSING,UNREVIEWED,UNASSIGNED,UNASSIGNED,MISSING,MISSING,source/glyph/rights/property review required
NA-CELL-080,NA-ROW-010,j,NA-VOWEL-008,ụ,jụ,source_observed_26_by_8_cell_candidate,f/v row remains combined unless reviewer approves a derived split; do not treat 27/216 as source-observed,UNREVIEWED,UNDECIDED,MISSING,UNREVIEWED,UNASSIGNED,UNASSIGNED,MISSING,MISSING,source/glyph/rights/property review required
NA-CELL-081,NA-ROW-011,k,NA-VOWEL-001,a,ka,source_observed_26_by_8_cell_candidate,f/v row remains combined unless reviewer approves a derived split; do not treat 27/216 as source-observed,UNREVIEWED,UNDECIDED,MISSING,UNREVIEWED,UNASSIGNED,UNASSIGNED,MISSING,MISSING,source/glyph/rights/property review required
NA-CELL-082,NA-ROW-011,k,NA-VOWEL-002,i,ki,source_observed_26_by_8_cell_candidate,f/v row remains combined unless reviewer approves a derived split; do not treat 27/216 as source-observed,UNREVIEWED,UNDECIDED,MISSING,UNREVIEWED,UNASSIGNED,UNASSIGNED,MISSING,MISSING,source/glyph/rights/property review required
NA-CELL-083,NA-ROW-011,k,NA-VOWEL-003,o,ko,source_observed_26_by_8_cell_candidate,f/v row remains combined unless reviewer approves a derived split; do not treat 27/216 as source-observed,UNREVIEWED,UNDECIDED,MISSING,UNREVIEWED,UNASSIGNED,UNASSIGNED,MISSING,MISSING,source/glyph/rights/property review required
NA-CELL-084,NA-ROW-011,k,NA-VOWEL-004,u,ku,source_observed_26_by_8_cell_candidate,f/v row remains combined unless reviewer approves a derived split; do not treat 27/216 as source-observed,UNREVIEWED,UNDECIDED,MISSING,UNREVIEWED,UNASSIGNED,UNASSIGNED,MISSING,MISSING,source/glyph/rights/property review required
NA-CELL-085,NA-ROW-011,k,NA-VOWEL-005,e,ke,source_observed_26_by_8_cell_candidate,f/v row remains combined unless reviewer approves a derived split; do not treat 27/216 as source-observed,UNREVIEWED,UNDECIDED,MISSING,UNREVIEWED,UNASSIGNED,UNASSIGNED,MISSING,MISSING,source/glyph/rights/property review required
NA-CELL-086,NA-ROW-011,k,NA-VOWEL-006,ị,kị,source_observed_26_by_8_cell_candidate,f/v row remains combined unless reviewer approves a derived split; do not treat 27/216 as source-observed,UNREVIEWED,UNDECIDED,MISSING,UNREVIEWED,UNASSIGNED,UNASSIGNED,MISSING,MISSING,source/glyph/rights/property review required
NA-CELL-087,NA-ROW-011,k,NA-VOWEL-007,ọ,kọ,source_observed_26_by_8_cell_candidate,f/v row remains combined unless reviewer approves a derived split; do not treat 27/216 as source-observed,UNREVIEWED,UNDECIDED,MISSING,UNREVIEWED,UNASSIGNED,UNASSIGNED,MISSING,MISSING,source/glyph/rights/property review required
NA-CELL-088,NA-ROW-011,k,NA-VOWEL-008,ụ,kụ,source_observed_26_by_8_cell_candidate,f/v row remains combined unless reviewer approves a derived split; do not treat 27/216 as source-observed,UNREVIEWED,UNDECIDED,MISSING,UNREVIEWED,UNASSIGNED,UNASSIGNED,MISSING,MISSING,source/glyph/rights/property review required
NA-CELL-089,NA-ROW-012,kp,NA-VOWEL-001,a,kpa,source_observed_26_by_8_cell_candidate,f/v row remains combined unless reviewer approves a derived split; do not treat 27/216 as source-observed,UNREVIEWED,UNDECIDED,MISSING,UNREVIEWED,UNASSIGNED,UNASSIGNED,MISSING,MISSING,source/glyph/rights/property review required
NA-CELL-090,NA-ROW-012,kp,NA-VOWEL-002,i,kpi,source_observed_26_by_8_cell_candidate,f/v row remains combined unless reviewer approves a derived split; do not treat 27/216 as source-observed,UNREVIEWED,UNDECIDED,MISSING,UNREVIEWED,UNASSIGNED,UNASSIGNED,MISSING,MISSING,source/glyph/rights/property review required
NA-CELL-091,NA-ROW-012,kp,NA-VOWEL-003,o,kpo,source_observed_26_by_8_cell_candidate,f/v row remains combined unless reviewer approves a derived split; do not treat 27/216 as source-observed,UNREVIEWED,UNDECIDED,MISSING,UNREVIEWED,UNASSIGNED,UNASSIGNED,MISSING,MISSING,source/glyph/rights/property review required
NA-CELL-092,NA-ROW-012,kp,NA-VOWEL-004,u,kpu,source_observed_26_by_8_cell_candidate,f/v row remains combined unless reviewer approves a derived split; do not treat 27/216 as source-observed,UNREVIEWED,UNDECIDED,MISSING,UNREVIEWED,UNASSIGNED,UNASSIGNED,MISSING,MISSING,source/glyph/rights/property review required
NA-CELL-093,NA-ROW-012,kp,NA-VOWEL-005,e,kpe,source_observed_26_by_8_cell_candidate,f/v row remains combined unless reviewer approves a derived split; do not treat 27/216 as source-observed,UNREVIEWED,UNDECIDED,MISSING,UNREVIEWED,UNASSIGNED,UNASSIGNED,MISSING,MISSING,source/glyph/rights/property review required
NA-CELL-094,NA-ROW-012,kp,NA-VOWEL-006,ị,kpị,source_observed_26_by_8_cell_candidate,f/v row remains combined unless reviewer approves a derived split; do not treat 27/216 as source-observed,UNREVIEWED,UNDECIDED,MISSING,UNREVIEWED,UNASSIGNED,UNASSIGNED,MISSING,MISSING,source/glyph/rights/property review required
NA-CELL-095,NA-ROW-012,kp,NA-VOWEL-007,ọ,kpọ,source_observed_26_by_8_cell_candidate,f/v row remains combined unless reviewer approves a derived split; do not treat 27/216 as source-observed,UNREVIEWED,UNDECIDED,MISSING,UNREVIEWED,UNASSIGNED,UNASSIGNED,MISSING,MISSING,source/glyph/rights/property review required
NA-CELL-096,NA-ROW-012,kp,NA-VOWEL-008,ụ,kpụ,source_observed_26_by_8_cell_candidate,f/v row remains combined unless reviewer approves a derived split; do not treat 27/216 as source-observed,UNREVIEWED,UNDECIDED,MISSING,UNREVIEWED,UNASSIGNED,UNASSIGNED,MISSING,MISSING,source/glyph/rights/property review required
NA-CELL-097,NA-ROW-013,kw,NA-VOWEL-001,a,kwa,source_observed_26_by_8_cell_candidate,f/v row remains combined unless reviewer approves a derived split; do not treat 27/216 as source-observed,UNREVIEWED,UNDECIDED,MISSING,UNREVIEWED,UNASSIGNED,UNASSIGNED,MISSING,MISSING,source/glyph/rights/property review required
NA-CELL-098,NA-ROW-013,kw,NA-VOWEL-002,i,kwi,source_observed_26_by_8_cell_candidate,f/v row remains combined unless reviewer approves a derived split; do not treat 27/216 as source-observed,UNREVIEWED,UNDECIDED,MISSING,UNREVIEWED,UNASSIGNED,UNASSIGNED,MISSING,MISSING,source/glyph/rights/property review required
NA-CELL-099,NA-ROW-013,kw,NA-VOWEL-003,o,kwo,source_observed_26_by_8_cell_candidate,f/v row remains combined unless reviewer approves a derived split; do not treat 27/216 as source-observed,UNREVIEWED,UNDECIDED,MISSING,UNREVIEWED,UNASSIGNED,UNASSIGNED,MISSING,MISSING,source/glyph/rights/property review required
NA-CELL-100,NA-ROW-013,kw,NA-VOWEL-004,u,kwu,source_observed_26_by_8_cell_candidate,f/v row remains combined unless reviewer approves a derived split; do not treat 27/216 as source-observed,UNREVIEWED,UNDECIDED,MISSING,UNREVIEWED,UNASSIGNED,UNASSIGNED,MISSING,MISSING,source/glyph/rights/property review required
NA-CELL-101,NA-ROW-013,kw,NA-VOWEL-005,e,kwe,source_observed_26_by_8_cell_candidate,f/v row remains combined unless reviewer approves a derived split; do not treat 27/216 as source-observed,UNREVIEWED,UNDECIDED,MISSING,UNREVIEWED,UNASSIGNED,UNASSIGNED,MISSING,MISSING,source/glyph/rights/property review required
NA-CELL-102,NA-ROW-013,kw,NA-VOWEL-006,ị,kwị,source_observed_26_by_8_cell_candidate,f/v row remains combined unless reviewer approves a derived split; do not treat 27/216 as source-observed,UNREVIEWED,UNDECIDED,MISSING,UNREVIEWED,UNASSIGNED,UNASSIGNED,MISSING,MISSING,source/glyph/rights/property review required
NA-CELL-103,NA-ROW-013,kw,NA-VOWEL-007,ọ,kwọ,source_observed_26_by_8_cell_candidate,f/v row remains combined unless reviewer approves a derived split; do not treat 27/216 as source-observed,UNREVIEWED,UNDECIDED,MISSING,UNREVIEWED,UNASSIGNED,UNASSIGNED,MISSING,MISSING,source/glyph/rights/property review required
NA-CELL-104,NA-ROW-013,kw,NA-VOWEL-008,ụ,kwụ,source_observed_26_by_8_cell_candidate,f/v row remains combined unless reviewer approves a derived split; do not treat 27/216 as source-observed,UNREVIEWED,UNDECIDED,MISSING,UNREVIEWED,UNASSIGNED,UNASSIGNED,MISSING,MISSING,source/glyph/rights/property review required
NA-CELL-105,NA-ROW-014,l,NA-VOWEL-001,a,la,source_observed_26_by_8_cell_candidate,f/v row remains combined unless reviewer approves a derived split; do not treat 27/216 as source-observed,UNREVIEWED,UNDECIDED,MISSING,UNREVIEWED,UNASSIGNED,UNASSIGNED,MISSING,MISSING,source/glyph/rights/property review required
NA-CELL-106,NA-ROW-014,l,NA-VOWEL-002,i,li,source_observed_26_by_8_cell_candidate,f/v row remains combined unless reviewer approves a derived split; do not treat 27/216 as source-observed,UNREVIEWED,UNDECIDED,MISSING,UNREVIEWED,UNASSIGNED,UNASSIGNED,MISSING,MISSING,source/glyph/rights/property review required
NA-CELL-107,NA-ROW-014,l,NA-VOWEL-003,o,lo,source_observed_26_by_8_cell_candidate,f/v row remains combined unless reviewer approves a derived split; do not treat 27/216 as source-observed,UNREVIEWED,UNDECIDED,MISSING,UNREVIEWED,UNASSIGNED,UNASSIGNED,MISSING,MISSING,source/glyph/rights/property review required
NA-CELL-108,NA-ROW-014,l,NA-VOWEL-004,u,lu,source_observed_26_by_8_cell_candidate,f/v row remains combined unless reviewer approves a derived split; do not treat 27/216 as source-observed,UNREVIEWED,UNDECIDED,MISSING,UNREVIEWED,UNASSIGNED,UNASSIGNED,MISSING,MISSING,source/glyph/rights/property review required
NA-CELL-109,NA-ROW-014,l,NA-VOWEL-005,e,le,source_observed_26_by_8_cell_candidate,f/v row remains combined unless reviewer approves a derived split; do not treat 27/216 as source-observed,UNREVIEWED,UNDECIDED,MISSING,UNREVIEWED,UNASSIGNED,UNASSIGNED,MISSING,MISSING,source/glyph/rights/property review required
NA-CELL-110,NA-ROW-014,l,NA-VOWEL-006,ị,lị,source_observed_26_by_8_cell_candidate,f/v row remains combined unless reviewer approves a derived split; do not treat 27/216 as source-observed,UNREVIEWED,UNDECIDED,MISSING,UNREVIEWED,UNASSIGNED,UNASSIGNED,MISSING,MISSING,source/glyph/rights/property review required
NA-CELL-111,NA-ROW-014,l,NA-VOWEL-007,ọ,lọ,source_observed_26_by_8_cell_candidate,f/v row remains combined unless reviewer approves a derived split; do not treat 27/216 as source-observed,UNREVIEWED,UNDECIDED,MISSING,UNREVIEWED,UNASSIGNED,UNASSIGNED,MISSING,MISSING,source/glyph/rights/property review required
NA-CELL-112,NA-ROW-014,l,NA-VOWEL-008,ụ,lụ,source_observed_26_by_8_cell_candidate,f/v row remains combined unless reviewer approves a derived split; do not treat 27/216 as source-observed,UNREVIEWED,UNDECIDED,MISSING,UNREVIEWED,UNASSIGNED,UNASSIGNED,MISSING,MISSING,source/glyph/rights/property review required
NA-CELL-113,NA-ROW-015,m,NA-VOWEL-001,a,ma,source_observed_26_by_8_cell_candidate,f/v row remains combined unless reviewer approves a derived split; do not treat 27/216 as source-observed,UNREVIEWED,UNDECIDED,MISSING,UNREVIEWED,UNASSIGNED,UNASSIGNED,MISSING,MISSING,source/glyph/rights/property review required
NA-CELL-114,NA-ROW-015,m,NA-VOWEL-002,i,mi,source_observed_26_by_8_cell_candidate,f/v row remains combined unless reviewer approves a derived split; do not treat 27/216 as source-observed,UNREVIEWED,UNDECIDED,MISSING,UNREVIEWED,UNASSIGNED,UNASSIGNED,MISSING,MISSING,source/glyph/rights/property review required
NA-CELL-115,NA-ROW-015,m,NA-VOWEL-003,o,mo,source_observed_26_by_8_cell_candidate,f/v row remains combined unless reviewer approves a derived split; do not treat 27/216 as source-observed,UNREVIEWED,UNDECIDED,MISSING,UNREVIEWED,UNASSIGNED,UNASSIGNED,MISSING,MISSING,source/glyph/rights/property review required
NA-CELL-116,NA-ROW-015,m,NA-VOWEL-004,u,mu,source_observed_26_by_8_cell_candidate,f/v row remains combined unless reviewer approves a derived split; do not treat 27/216 as source-observed,UNREVIEWED,UNDECIDED,MISSING,UNREVIEWED,UNASSIGNED,UNASSIGNED,MISSING,MISSING,source/glyph/rights/property review required
NA-CELL-117,NA-ROW-015,m,NA-VOWEL-005,e,me,source_observed_26_by_8_cell_candidate,f/v row remains combined unless reviewer approves a derived split; do not treat 27/216 as source-observed,UNREVIEWED,UNDECIDED,MISSING,UNREVIEWED,UNASSIGNED,UNASSIGNED,MISSING,MISSING,source/glyph/rights/property review required
NA-CELL-118,NA-ROW-015,m,NA-VOWEL-006,ị,mị,source_observed_26_by_8_cell_candidate,f/v row remains combined unless reviewer approves a derived split; do not treat 27/216 as source-observed,UNREVIEWED,UNDECIDED,MISSING,UNREVIEWED,UNASSIGNED,UNASSIGNED,MISSING,MISSING,source/glyph/rights/property review required
NA-CELL-119,NA-ROW-015,m,NA-VOWEL-007,ọ,mọ,source_observed_26_by_8_cell_candidate,f/v row remains combined unless reviewer approves a derived split; do not treat 27/216 as source-observed,UNREVIEWED,UNDECIDED,MISSING,UNREVIEWED,UNASSIGNED,UNASSIGNED,MISSING,MISSING,source/glyph/rights/property review required
NA-CELL-120,NA-ROW-015,m,NA-VOWEL-008,ụ,mụ,source_observed_26_by_8_cell_candidate,f/v row remains combined unless reviewer approves a derived split; do not treat 27/216 as source-observed,UNREVIEWED,UNDECIDED,MISSING,UNREVIEWED,UNASSIGNED,UNASSIGNED,MISSING,MISSING,source/glyph/rights/property review required
NA-CELL-121,NA-ROW-016,n,NA-VOWEL-001,a,na,source_observed_26_by_8_cell_candidate,f/v row remains combined unless reviewer approves a derived split; do not treat 27/216 as source-observed,UNREVIEWED,UNDECIDED,MISSING,UNREVIEWED,UNASSIGNED,UNASSIGNED,MISSING,MISSING,source/glyph/rights/property review required
NA-CELL-122,NA-ROW-016,n,NA-VOWEL-002,i,ni,source_observed_26_by_8_cell_candidate,f/v row remains combined unless reviewer approves a derived split; do not treat 27/216 as source-observed,UNREVIEWED,UNDECIDED,MISSING,UNREVIEWED,UNASSIGNED,UNASSIGNED,MISSING,MISSING,source/glyph/rights/property review required
NA-CELL-123,NA-ROW-016,n,NA-VOWEL-003,o,no,source_observed_26_by_8_cell_candidate,f/v row remains combined unless reviewer approves a derived split; do not treat 27/216 as source-observed,UNREVIEWED,UNDECIDED,MISSING,UNREVIEWED,UNASSIGNED,UNASSIGNED,MISSING,MISSING,source/glyph/rights/property review required
NA-CELL-124,NA-ROW-016,n,NA-VOWEL-004,u,nu,source_observed_26_by_8_cell_candidate,f/v row remains combined unless reviewer approves a derived split; do not treat 27/216 as source-observed,UNREVIEWED,UNDECIDED,MISSING,UNREVIEWED,UNASSIGNED,UNASSIGNED,MISSING,MISSING,source/glyph/rights/property review required
NA-CELL-125,NA-ROW-016,n,NA-VOWEL-005,e,ne,source_observed_26_by_8_cell_candidate,f/v row remains combined unless reviewer approves a derived split; do not treat 27/216 as source-observed,UNREVIEWED,UNDECIDED,MISSING,UNREVIEWED,UNASSIGNED,UNASSIGNED,MISSING,MISSING,source/glyph/rights/property review required
NA-CELL-126,NA-ROW-016,n,NA-VOWEL-006,ị,nị,source_observed_26_by_8_cell_candidate,f/v row remains combined unless reviewer approves a derived split; do not treat 27/216 as source-observed,UNREVIEWED,UNDECIDED,MISSING,UNREVIEWED,UNASSIGNED,UNASSIGNED,MISSING,MISSING,source/glyph/rights/property review required
NA-CELL-127,NA-ROW-016,n,NA-VOWEL-007,ọ,nọ,source_observed_26_by_8_cell_candidate,f/v row remains combined unless reviewer approves a derived split; do not treat 27/216 as source-observed,UNREVIEWED,UNDECIDED,MISSING,UNREVIEWED,UNASSIGNED,UNASSIGNED,MISSING,MISSING,source/glyph/rights/property review required
NA-CELL-128,NA-ROW-016,n,NA-VOWEL-008,ụ,nụ,source_observed_26_by_8_cell_candidate,f/v row remains combined unless reviewer approves a derived split; do not treat 27/216 as source-observed,UNREVIEWED,UNDECIDED,MISSING,UNREVIEWED,UNASSIGNED,UNASSIGNED,MISSING,MISSING,source/glyph/rights/property review required
NA-CELL-129,NA-ROW-017,ṅ,NA-VOWEL-001,a,ṅa,source_observed_26_by_8_cell_candidate,f/v row remains combined unless reviewer approves a derived split; do not treat 27/216 as source-observed,UNREVIEWED,UNDECIDED,MISSING,UNREVIEWED,UNASSIGNED,UNASSIGNED,MISSING,MISSING,source/glyph/rights/property review required
NA-CELL-130,NA-ROW-017,ṅ,NA-VOWEL-002,i,ṅi,source_observed_26_by_8_cell_candidate,f/v row remains combined unless reviewer approves a derived split; do not treat 27/216 as source-observed,UNREVIEWED,UNDECIDED,MISSING,UNREVIEWED,UNASSIGNED,UNASSIGNED,MISSING,MISSING,source/glyph/rights/property review required
NA-CELL-131,NA-ROW-017,ṅ,NA-VOWEL-003,o,ṅo,source_observed_26_by_8_cell_candidate,f/v row remains combined unless reviewer approves a derived split; do not treat 27/216 as source-observed,UNREVIEWED,UNDECIDED,MISSING,UNREVIEWED,UNASSIGNED,UNASSIGNED,MISSING,MISSING,source/glyph/rights/property review required
NA-CELL-132,NA-ROW-017,ṅ,NA-VOWEL-004,u,ṅu,source_observed_26_by_8_cell_candidate,f/v row remains combined unless reviewer approves a derived split; do not treat 27/216 as source-observed,UNREVIEWED,UNDECIDED,MISSING,UNREVIEWED,UNASSIGNED,UNASSIGNED,MISSING,MISSING,source/glyph/rights/property review required
NA-CELL-133,NA-ROW-017,ṅ,NA-VOWEL-005,e,ṅe,source_observed_26_by_8_cell_candidate,f/v row remains combined unless reviewer approves a derived split; do not treat 27/216 as source-observed,UNREVIEWED,UNDECIDED,MISSING,UNREVIEWED,UNASSIGNED,UNASSIGNED,MISSING,MISSING,source/glyph/rights/property review required
NA-CELL-134,NA-ROW-017,ṅ,NA-VOWEL-006,ị,ṅị,source_observed_26_by_8_cell_candidate,f/v row remains combined unless reviewer approves a derived split; do not treat 27/216 as source-observed,UNREVIEWED,UNDECIDED,MISSING,UNREVIEWED,UNASSIGNED,UNASSIGNED,MISSING,MISSING,source/glyph/rights/property review required
NA-CELL-135,NA-ROW-017,ṅ,NA-VOWEL-007,ọ,ṅọ,source_observed_26_by_8_cell_candidate,f/v row remains combined unless reviewer approves a derived split; do not treat 27/216 as source-observed,UNREVIEWED,UNDECIDED,MISSING,UNREVIEWED,UNASSIGNED,UNASSIGNED,MISSING,MISSING,source/glyph/rights/property review required
NA-CELL-136,NA-ROW-017,ṅ,NA-VOWEL-008,ụ,ṅụ,source_observed_26_by_8_cell_candidate,f/v row remains combined unless reviewer approves a derived split; do not treat 27/216 as source-observed,UNREVIEWED,UNDECIDED,MISSING,UNREVIEWED,UNASSIGNED,UNASSIGNED,MISSING,MISSING,source/glyph/rights/property review required
NA-CELL-137,NA-ROW-018,ny,NA-VOWEL-001,a,nya,source_observed_26_by_8_cell_candidate,f/v row remains combined unless reviewer approves a derived split; do not treat 27/216 as source-observed,UNREVIEWED,UNDECIDED,MISSING,UNREVIEWED,UNASSIGNED,UNASSIGNED,MISSING,MISSING,source/glyph/rights/property review required
NA-CELL-138,NA-ROW-018,ny,NA-VOWEL-002,i,nyi,source_observed_26_by_8_cell_candidate,f/v row remains combined unless reviewer approves a derived split; do not treat 27/216 as source-observed,UNREVIEWED,UNDECIDED,MISSING,UNREVIEWED,UNASSIGNED,UNASSIGNED,MISSING,MISSING,source/glyph/rights/property review required
NA-CELL-139,NA-ROW-018,ny,NA-VOWEL-003,o,nyo,source_observed_26_by_8_cell_candidate,f/v row remains combined unless reviewer approves a derived split; do not treat 27/216 as source-observed,UNREVIEWED,UNDECIDED,MISSING,UNREVIEWED,UNASSIGNED,UNASSIGNED,MISSING,MISSING,source/glyph/rights/property review required
NA-CELL-140,NA-ROW-018,ny,NA-VOWEL-004,u,nyu,source_observed_26_by_8_cell_candidate,f/v row remains combined unless reviewer approves a derived split; do not treat 27/216 as source-observed,UNREVIEWED,UNDECIDED,MISSING,UNREVIEWED,UNASSIGNED,UNASSIGNED,MISSING,MISSING,source/glyph/rights/property review required
NA-CELL-141,NA-ROW-018,ny,NA-VOWEL-005,e,nye,source_observed_26_by_8_cell_candidate,f/v row remains combined unless reviewer approves a derived split; do not treat 27/216 as source-observed,UNREVIEWED,UNDECIDED,MISSING,UNREVIEWED,UNASSIGNED,UNASSIGNED,MISSING,MISSING,source/glyph/rights/property review required
NA-CELL-142,NA-ROW-018,ny,NA-VOWEL-006,ị,nyị,source_observed_26_by_8_cell_candidate,f/v row remains combined unless reviewer approves a derived split; do not treat 27/216 as source-observed,UNREVIEWED,UNDECIDED,MISSING,UNREVIEWED,UNASSIGNED,UNASSIGNED,MISSING,MISSING,source/glyph/rights/property review required
NA-CELL-143,NA-ROW-018,ny,NA-VOWEL-007,ọ,nyọ,source_observed_26_by_8_cell_candidate,f/v row remains combined unless reviewer approves a derived split; do not treat 27/216 as source-observed,UNREVIEWED,UNDECIDED,MISSING,UNREVIEWED,UNASSIGNED,UNASSIGNED,MISSING,MISSING,source/glyph/rights/property review required
NA-CELL-144,NA-ROW-018,ny,NA-VOWEL-008,ụ,nyụ,source_observed_26_by_8_cell_candidate,f/v row remains combined unless reviewer approves a derived split; do not treat 27/216 as source-observed,UNREVIEWED,UNDECIDED,MISSING,UNREVIEWED,UNASSIGNED,UNASSIGNED,MISSING,MISSING,source/glyph/rights/property review required
NA-CELL-145,NA-ROW-019,nw,NA-VOWEL-001,a,nwa,source_observed_26_by_8_cell_candidate,f/v row remains combined unless reviewer approves a derived split; do not treat 27/216 as source-observed,UNREVIEWED,UNDECIDED,MISSING,UNREVIEWED,UNASSIGNED,UNASSIGNED,MISSING,MISSING,source/glyph/rights/property review required
NA-CELL-146,NA-ROW-019,nw,NA-VOWEL-002,i,nwi,source_observed_26_by_8_cell_candidate,f/v row remains combined unless reviewer approves a derived split; do not treat 27/216 as source-observed,UNREVIEWED,UNDECIDED,MISSING,UNREVIEWED,UNASSIGNED,UNASSIGNED,MISSING,MISSING,source/glyph/rights/property review required
NA-CELL-147,NA-ROW-019,nw,NA-VOWEL-003,o,nwo,source_observed_26_by_8_cell_candidate,f/v row remains combined unless reviewer approves a derived split; do not treat 27/216 as source-observed,UNREVIEWED,UNDECIDED,MISSING,UNREVIEWED,UNASSIGNED,UNASSIGNED,MISSING,MISSING,source/glyph/rights/property review required
NA-CELL-148,NA-ROW-019,nw,NA-VOWEL-004,u,nwu,source_observed_26_by_8_cell_candidate,f/v row remains combined unless reviewer approves a derived split; do not treat 27/216 as source-observed,UNREVIEWED,UNDECIDED,MISSING,UNREVIEWED,UNASSIGNED,UNASSIGNED,MISSING,MISSING,source/glyph/rights/property review required
NA-CELL-149,NA-ROW-019,nw,NA-VOWEL-005,e,nwe,source_observed_26_by_8_cell_candidate,f/v row remains combined unless reviewer approves a derived split; do not treat 27/216 as source-observed,UNREVIEWED,UNDECIDED,MISSING,UNREVIEWED,UNASSIGNED,UNASSIGNED,MISSING,MISSING,source/glyph/rights/property review required
NA-CELL-150,NA-ROW-019,nw,NA-VOWEL-006,ị,nwị,source_observed_26_by_8_cell_candidate,f/v row remains combined unless reviewer approves a derived split; do not treat 27/216 as source-observed,UNREVIEWED,UNDECIDED,MISSING,UNREVIEWED,UNASSIGNED,UNASSIGNED,MISSING,MISSING,source/glyph/rights/property review required
NA-CELL-151,NA-ROW-019,nw,NA-VOWEL-007,ọ,nwọ,source_observed_26_by_8_cell_candidate,f/v row remains combined unless reviewer approves a derived split; do not treat 27/216 as source-observed,UNREVIEWED,UNDECIDED,MISSING,UNREVIEWED,UNASSIGNED,UNASSIGNED,MISSING,MISSING,source/glyph/rights/property review required
NA-CELL-152,NA-ROW-019,nw,NA-VOWEL-008,ụ,nwụ,source_observed_26_by_8_cell_candidate,f/v row remains combined unless reviewer approves a derived split; do not treat 27/216 as source-observed,UNREVIEWED,UNDECIDED,MISSING,UNREVIEWED,UNASSIGNED,UNASSIGNED,MISSING,MISSING,source/glyph/rights/property review required
NA-CELL-153,NA-ROW-020,p,NA-VOWEL-001,a,pa,source_observed_26_by_8_cell_candidate,f/v row remains combined unless reviewer approves a derived split; do not treat 27/216 as source-observed,UNREVIEWED,UNDECIDED,MISSING,UNREVIEWED,UNASSIGNED,UNASSIGNED,MISSING,MISSING,source/glyph/rights/property review required
NA-CELL-154,NA-ROW-020,p,NA-VOWEL-002,i,pi,source_observed_26_by_8_cell_candidate,f/v row remains combined unless reviewer approves a derived split; do not treat 27/216 as source-observed,UNREVIEWED,UNDECIDED,MISSING,UNREVIEWED,UNASSIGNED,UNASSIGNED,MISSING,MISSING,source/glyph/rights/property review required
NA-CELL-155,NA-ROW-020,p,NA-VOWEL-003,o,po,source_observed_26_by_8_cell_candidate,f/v row remains combined unless reviewer approves a derived split; do not treat 27/216 as source-observed,UNREVIEWED,UNDECIDED,MISSING,UNREVIEWED,UNASSIGNED,UNASSIGNED,MISSING,MISSING,source/glyph/rights/property review required
NA-CELL-156,NA-ROW-020,p,NA-VOWEL-004,u,pu,source_observed_26_by_8_cell_candidate,f/v row remains combined unless reviewer approves a derived split; do not treat 27/216 as source-observed,UNREVIEWED,UNDECIDED,MISSING,UNREVIEWED,UNASSIGNED,UNASSIGNED,MISSING,MISSING,source/glyph/rights/property review required
NA-CELL-157,NA-ROW-020,p,NA-VOWEL-005,e,pe,source_observed_26_by_8_cell_candidate,f/v row remains combined unless reviewer approves a derived split; do not treat 27/216 as source-observed,UNREVIEWED,UNDECIDED,MISSING,UNREVIEWED,UNASSIGNED,UNASSIGNED,MISSING,MISSING,source/glyph/rights/property review required
NA-CELL-158,NA-ROW-020,p,NA-VOWEL-006,ị,pị,source_observed_26_by_8_cell_candidate,f/v row remains combined unless reviewer approves a derived split; do not treat 27/216 as source-observed,UNREVIEWED,UNDECIDED,MISSING,UNREVIEWED,UNASSIGNED,UNASSIGNED,MISSING,MISSING,source/glyph/rights/property review required
NA-CELL-159,NA-ROW-020,p,NA-VOWEL-007,ọ,pọ,source_observed_26_by_8_cell_candidate,f/v row remains combined unless reviewer approves a derived split; do not treat 27/216 as source-observed,UNREVIEWED,UNDECIDED,MISSING,UNREVIEWED,UNASSIGNED,UNASSIGNED,MISSING,MISSING,source/glyph/rights/property review required
NA-CELL-160,NA-ROW-020,p,NA-VOWEL-008,ụ,pụ,source_observed_26_by_8_cell_candidate,f/v row remains combined unless reviewer approves a derived split; do not treat 27/216 as source-observed,UNREVIEWED,UNDECIDED,MISSING,UNREVIEWED,UNASSIGNED,UNASSIGNED,MISSING,MISSING,source/glyph/rights/property review required
NA-CELL-161,NA-ROW-021,r,NA-VOWEL-001,a,ra,source_observed_26_by_8_cell_candidate,f/v row remains combined unless reviewer approves a derived split; do not treat 27/216 as source-observed,UNREVIEWED,UNDECIDED,MISSING,UNREVIEWED,UNASSIGNED,UNASSIGNED,MISSING,MISSING,source/glyph/rights/property review required
NA-CELL-162,NA-ROW-021,r,NA-VOWEL-002,i,ri,source_observed_26_by_8_cell_candidate,f/v row remains combined unless reviewer approves a derived split; do not treat 27/216 as source-observed,UNREVIEWED,UNDECIDED,MISSING,UNREVIEWED,UNASSIGNED,UNASSIGNED,MISSING,MISSING,source/glyph/rights/property review required
NA-CELL-163,NA-ROW-021,r,NA-VOWEL-003,o,ro,source_observed_26_by_8_cell_candidate,f/v row remains combined unless reviewer approves a derived split; do not treat 27/216 as source-observed,UNREVIEWED,UNDECIDED,MISSING,UNREVIEWED,UNASSIGNED,UNASSIGNED,MISSING,MISSING,source/glyph/rights/property review required
NA-CELL-164,NA-ROW-021,r,NA-VOWEL-004,u,ru,source_observed_26_by_8_cell_candidate,f/v row remains combined unless reviewer approves a derived split; do not treat 27/216 as source-observed,UNREVIEWED,UNDECIDED,MISSING,UNREVIEWED,UNASSIGNED,UNASSIGNED,MISSING,MISSING,source/glyph/rights/property review required
NA-CELL-165,NA-ROW-021,r,NA-VOWEL-005,e,re,source_observed_26_by_8_cell_candidate,f/v row remains combined unless reviewer approves a derived split; do not treat 27/216 as source-observed,UNREVIEWED,UNDECIDED,MISSING,UNREVIEWED,UNASSIGNED,UNASSIGNED,MISSING,MISSING,source/glyph/rights/property review required
NA-CELL-166,NA-ROW-021,r,NA-VOWEL-006,ị,rị,source_observed_26_by_8_cell_candidate,f/v row remains combined unless reviewer approves a derived split; do not treat 27/216 as source-observed,UNREVIEWED,UNDECIDED,MISSING,UNREVIEWED,UNASSIGNED,UNASSIGNED,MISSING,MISSING,source/glyph/rights/property review required
NA-CELL-167,NA-ROW-021,r,NA-VOWEL-007,ọ,rọ,source_observed_26_by_8_cell_candidate,f/v row remains combined unless reviewer approves a derived split; do not treat 27/216 as source-observed,UNREVIEWED,UNDECIDED,MISSING,UNREVIEWED,UNASSIGNED,UNASSIGNED,MISSING,MISSING,source/glyph/rights/property review required
NA-CELL-168,NA-ROW-021,r,NA-VOWEL-008,ụ,rụ,source_observed_26_by_8_cell_candidate,f/v row remains combined unless reviewer approves a derived split; do not treat 27/216 as source-observed,UNREVIEWED,UNDECIDED,MISSING,UNREVIEWED,UNASSIGNED,UNASSIGNED,MISSING,MISSING,source/glyph/rights/property review required
NA-CELL-169,NA-ROW-022,s,NA-VOWEL-001,a,sa,source_observed_26_by_8_cell_candidate,f/v row remains combined unless reviewer approves a derived split; do not treat 27/216 as source-observed,UNREVIEWED,UNDECIDED,MISSING,UNREVIEWED,UNASSIGNED,UNASSIGNED,MISSING,MISSING,source/glyph/rights/property review required
NA-CELL-170,NA-ROW-022,s,NA-VOWEL-002,i,si,source_observed_26_by_8_cell_candidate,f/v row remains combined unless reviewer approves a derived split; do not treat 27/216 as source-observed,UNREVIEWED,UNDECIDED,MISSING,UNREVIEWED,UNASSIGNED,UNASSIGNED,MISSING,MISSING,source/glyph/rights/property review required
NA-CELL-171,NA-ROW-022,s,NA-VOWEL-003,o,so,source_observed_26_by_8_cell_candidate,f/v row remains combined unless reviewer approves a derived split; do not treat 27/216 as source-observed,UNREVIEWED,UNDECIDED,MISSING,UNREVIEWED,UNASSIGNED,UNASSIGNED,MISSING,MISSING,source/glyph/rights/property review required
NA-CELL-172,NA-ROW-022,s,NA-VOWEL-004,u,su,source_observed_26_by_8_cell_candidate,f/v row remains combined unless reviewer approves a derived split; do not treat 27/216 as source-observed,UNREVIEWED,UNDECIDED,MISSING,UNREVIEWED,UNASSIGNED,UNASSIGNED,MISSING,MISSING,source/glyph/rights/property review required
NA-CELL-173,NA-ROW-022,s,NA-VOWEL-005,e,se,source_observed_26_by_8_cell_candidate,f/v row remains combined unless reviewer approves a derived split; do not treat 27/216 as source-observed,UNREVIEWED,UNDECIDED,MISSING,UNREVIEWED,UNASSIGNED,UNASSIGNED,MISSING,MISSING,source/glyph/rights/property review required
NA-CELL-174,NA-ROW-022,s,NA-VOWEL-006,ị,sị,source_observed_26_by_8_cell_candidate,f/v row remains combined unless reviewer approves a derived split; do not treat 27/216 as source-observed,UNREVIEWED,UNDECIDED,MISSING,UNREVIEWED,UNASSIGNED,UNASSIGNED,MISSING,MISSING,source/glyph/rights/property review required
NA-CELL-175,NA-ROW-022,s,NA-VOWEL-007,ọ,sọ,source_observed_26_by_8_cell_candidate,f/v row remains combined unless reviewer approves a derived split; do not treat 27/216 as source-observed,UNREVIEWED,UNDECIDED,MISSING,UNREVIEWED,UNASSIGNED,UNASSIGNED,MISSING,MISSING,source/glyph/rights/property review required
NA-CELL-176,NA-ROW-022,s,NA-VOWEL-008,ụ,sụ,source_observed_26_by_8_cell_candidate,f/v row remains combined unless reviewer approves a derived split; do not treat 27/216 as source-observed,UNREVIEWED,UNDECIDED,MISSING,UNREVIEWED,UNASSIGNED,UNASSIGNED,MISSING,MISSING,source/glyph/rights/property review required
NA-CELL-177,NA-ROW-023,t,NA-VOWEL-001,a,ta,source_observed_26_by_8_cell_candidate,f/v row remains combined unless reviewer approves a derived split; do not treat 27/216 as source-observed,UNREVIEWED,UNDECIDED,MISSING,UNREVIEWED,UNASSIGNED,UNASSIGNED,MISSING,MISSING,source/glyph/rights/property review required
NA-CELL-178,NA-ROW-023,t,NA-VOWEL-002,i,ti,source_observed_26_by_8_cell_candidate,f/v row remains combined unless reviewer approves a derived split; do not treat 27/216 as source-observed,UNREVIEWED,UNDECIDED,MISSING,UNREVIEWED,UNASSIGNED,UNASSIGNED,MISSING,MISSING,source/glyph/rights/property review required
NA-CELL-179,NA-ROW-023,t,NA-VOWEL-003,o,to,source_observed_26_by_8_cell_candidate,f/v row remains combined unless reviewer approves a derived split; do not treat 27/216 as source-observed,UNREVIEWED,UNDECIDED,MISSING,UNREVIEWED,UNASSIGNED,UNASSIGNED,MISSING,MISSING,source/glyph/rights/property review required
NA-CELL-180,NA-ROW-023,t,NA-VOWEL-004,u,tu,source_observed_26_by_8_cell_candidate,f/v row remains combined unless reviewer approves a derived split; do not treat 27/216 as source-observed,UNREVIEWED,UNDECIDED,MISSING,UNREVIEWED,UNASSIGNED,UNASSIGNED,MISSING,MISSING,source/glyph/rights/property review required
NA-CELL-181,NA-ROW-023,t,NA-VOWEL-005,e,te,source_observed_26_by_8_cell_candidate,f/v row remains combined unless reviewer approves a derived split; do not treat 27/216 as source-observed,UNREVIEWED,UNDECIDED,MISSING,UNREVIEWED,UNASSIGNED,UNASSIGNED,MISSING,MISSING,source/glyph/rights/property review required
NA-CELL-182,NA-ROW-023,t,NA-VOWEL-006,ị,tị,source_observed_26_by_8_cell_candidate,f/v row remains combined unless reviewer approves a derived split; do not treat 27/216 as source-observed,UNREVIEWED,UNDECIDED,MISSING,UNREVIEWED,UNASSIGNED,UNASSIGNED,MISSING,MISSING,source/glyph/rights/property review required
NA-CELL-183,NA-ROW-023,t,NA-VOWEL-007,ọ,tọ,source_observed_26_by_8_cell_candidate,f/v row remains combined unless reviewer approves a derived split; do not treat 27/216 as source-observed,UNREVIEWED,UNDECIDED,MISSING,UNREVIEWED,UNASSIGNED,UNASSIGNED,MISSING,MISSING,source/glyph/rights/property review required
NA-CELL-184,NA-ROW-023,t,NA-VOWEL-008,ụ,tụ,source_observed_26_by_8_cell_candidate,f/v row remains combined unless reviewer approves a derived split; do not treat 27/216 as source-observed,UNREVIEWED,UNDECIDED,MISSING,UNREVIEWED,UNASSIGNED,UNASSIGNED,MISSING,MISSING,source/glyph/rights/property review required
NA-CELL-185,NA-ROW-024,w,NA-VOWEL-001,a,wa,source_observed_26_by_8_cell_candidate,f/v row remains combined unless reviewer approves a derived split; do not treat 27/216 as source-observed,UNREVIEWED,UNDECIDED,MISSING,UNREVIEWED,UNASSIGNED,UNASSIGNED,MISSING,MISSING,source/glyph/rights/property review required
NA-CELL-186,NA-ROW-024,w,NA-VOWEL-002,i,wi,source_observed_26_by_8_cell_candidate,f/v row remains combined unless reviewer approves a derived split; do not treat 27/216 as source-observed,UNREVIEWED,UNDECIDED,MISSING,UNREVIEWED,UNASSIGNED,UNASSIGNED,MISSING,MISSING,source/glyph/rights/property review required
NA-CELL-187,NA-ROW-024,w,NA-VOWEL-003,o,wo,source_observed_26_by_8_cell_candidate,f/v row remains combined unless reviewer approves a derived split; do not treat 27/216 as source-observed,UNREVIEWED,UNDECIDED,MISSING,UNREVIEWED,UNASSIGNED,UNASSIGNED,MISSING,MISSING,source/glyph/rights/property review required
NA-CELL-188,NA-ROW-024,w,NA-VOWEL-004,u,wu,source_observed_26_by_8_cell_candidate,f/v row remains combined unless reviewer approves a derived split; do not treat 27/216 as source-observed,UNREVIEWED,UNDECIDED,MISSING,UNREVIEWED,UNASSIGNED,UNASSIGNED,MISSING,MISSING,source/glyph/rights/property review required
NA-CELL-189,NA-ROW-024,w,NA-VOWEL-005,e,we,source_observed_26_by_8_cell_candidate,f/v row remains combined unless reviewer approves a derived split; do not treat 27/216 as source-observed,UNREVIEWED,UNDECIDED,MISSING,UNREVIEWED,UNASSIGNED,UNASSIGNED,MISSING,MISSING,source/glyph/rights/property review required
NA-CELL-190,NA-ROW-024,w,NA-VOWEL-006,ị,wị,source_observed_26_by_8_cell_candidate,f/v row remains combined unless reviewer approves a derived split; do not treat 27/216 as source-observed,UNREVIEWED,UNDECIDED,MISSING,UNREVIEWED,UNASSIGNED,UNASSIGNED,MISSING,MISSING,source/glyph/rights/property review required
NA-CELL-191,NA-ROW-024,w,NA-VOWEL-007,ọ,wọ,source_observed_26_by_8_cell_candidate,f/v row remains combined unless reviewer approves a derived split; do not treat 27/216 as source-observed,UNREVIEWED,UNDECIDED,MISSING,UNREVIEWED,UNASSIGNED,UNASSIGNED,MISSING,MISSING,source/glyph/rights/property review required
NA-CELL-192,NA-ROW-024,w,NA-VOWEL-008,ụ,wụ,source_observed_26_by_8_cell_candidate,f/v row remains combined unless reviewer approves a derived split; do not treat 27/216 as source-observed,UNREVIEWED,UNDECIDED,MISSING,UNREVIEWED,UNASSIGNED,UNASSIGNED,MISSING,MISSING,source/glyph/rights/property review required
NA-CELL-193,NA-ROW-025,y,NA-VOWEL-001,a,ya,source_observed_26_by_8_cell_candidate,f/v row remains combined unless reviewer approves a derived split; do not treat 27/216 as source-observed,UNREVIEWED,UNDECIDED,MISSING,UNREVIEWED,UNASSIGNED,UNASSIGNED,MISSING,MISSING,source/glyph/rights/property review required
NA-CELL-194,NA-ROW-025,y,NA-VOWEL-002,i,yi,source_observed_26_by_8_cell_candidate,f/v row remains combined unless reviewer approves a derived split; do not treat 27/216 as source-observed,UNREVIEWED,UNDECIDED,MISSING,UNREVIEWED,UNASSIGNED,UNASSIGNED,MISSING,MISSING,source/glyph/rights/property review required
NA-CELL-195,NA-ROW-025,y,NA-VOWEL-003,o,yo,source_observed_26_by_8_cell_candidate,f/v row remains combined unless reviewer approves a derived split; do not treat 27/216 as source-observed,UNREVIEWED,UNDECIDED,MISSING,UNREVIEWED,UNASSIGNED,UNASSIGNED,MISSING,MISSING,source/glyph/rights/property review required
NA-CELL-196,NA-ROW-025,y,NA-VOWEL-004,u,yu,source_observed_26_by_8_cell_candidate,f/v row remains combined unless reviewer approves a derived split; do not treat 27/216 as source-observed,UNREVIEWED,UNDECIDED,MISSING,UNREVIEWED,UNASSIGNED,UNASSIGNED,MISSING,MISSING,source/glyph/rights/property review required
NA-CELL-197,NA-ROW-025,y,NA-VOWEL-005,e,ye,source_observed_26_by_8_cell_candidate,f/v row remains combined unless reviewer approves a derived split; do not treat 27/216 as source-observed,UNREVIEWED,UNDECIDED,MISSING,UNREVIEWED,UNASSIGNED,UNASSIGNED,MISSING,MISSING,source/glyph/rights/property review required
NA-CELL-198,NA-ROW-025,y,NA-VOWEL-006,ị,yị,source_observed_26_by_8_cell_candidate,f/v row remains combined unless reviewer approves a derived split; do not treat 27/216 as source-observed,UNREVIEWED,UNDECIDED,MISSING,UNREVIEWED,UNASSIGNED,UNASSIGNED,MISSING,MISSING,source/glyph/rights/property review required
NA-CELL-199,NA-ROW-025,y,NA-VOWEL-007,ọ,yọ,source_observed_26_by_8_cell_candidate,f/v row remains combined unless reviewer approves a derived split; do not treat 27/216 as source-observed,UNREVIEWED,UNDECIDED,MISSING,UNREVIEWED,UNASSIGNED,UNASSIGNED,MISSING,MISSING,source/glyph/rights/property review required
NA-CELL-200,NA-ROW-025,y,NA-VOWEL-008,ụ,yụ,source_observed_26_by_8_cell_candidate,f/v row remains combined unless reviewer approves a derived split; do not treat 27/216 as source-observed,UNREVIEWED,UNDECIDED,MISSING,UNREVIEWED,UNASSIGNED,UNASSIGNED,MISSING,MISSING,source/glyph/rights/property review required
NA-CELL-201,NA-ROW-026,z,NA-VOWEL-001,a,za,source_observed_26_by_8_cell_candidate,f/v row remains combined unless reviewer approves a derived split; do not treat 27/216 as source-observed,UNREVIEWED,UNDECIDED,MISSING,UNREVIEWED,UNASSIGNED,UNASSIGNED,MISSING,MISSING,source/glyph/rights/property review required
NA-CELL-202,NA-ROW-026,z,NA-VOWEL-002,i,zi,source_observed_26_by_8_cell_candidate,f/v row remains combined unless reviewer approves a derived split; do not treat 27/216 as source-observed,UNREVIEWED,UNDECIDED,MISSING,UNREVIEWED,UNASSIGNED,UNASSIGNED,MISSING,MISSING,source/glyph/rights/property review required
NA-CELL-203,NA-ROW-026,z,NA-VOWEL-003,o,zo,source_observed_26_by_8_cell_candidate,f/v row remains combined unless reviewer approves a derived split; do not treat 27/216 as source-observed,UNREVIEWED,UNDECIDED,MISSING,UNREVIEWED,UNASSIGNED,UNASSIGNED,MISSING,MISSING,source/glyph/rights/property review required
NA-CELL-204,NA-ROW-026,z,NA-VOWEL-004,u,zu,source_observed_26_by_8_cell_candidate,f/v row remains combined unless reviewer approves a derived split; do not treat 27/216 as source-observed,UNREVIEWED,UNDECIDED,MISSING,UNREVIEWED,UNASSIGNED,UNASSIGNED,MISSING,MISSING,source/glyph/rights/property review required
NA-CELL-205,NA-ROW-026,z,NA-VOWEL-005,e,ze,source_observed_26_by_8_cell_candidate,f/v row remains combined unless reviewer approves a derived split; do not treat 27/216 as source-observed,UNREVIEWED,UNDECIDED,MISSING,UNREVIEWED,UNASSIGNED,UNASSIGNED,MISSING,MISSING,source/glyph/rights/property review required
NA-CELL-206,NA-ROW-026,z,NA-VOWEL-006,ị,zị,source_observed_26_by_8_cell_candidate,f/v row remains combined unless reviewer approves a derived split; do not treat 27/216 as source-observed,UNREVIEWED,UNDECIDED,MISSING,UNREVIEWED,UNASSIGNED,UNASSIGNED,MISSING,MISSING,source/glyph/rights/property review required
NA-CELL-207,NA-ROW-026,z,NA-VOWEL-007,ọ,zọ,source_observed_26_by_8_cell_candidate,f/v row remains combined unless reviewer approves a derived split; do not treat 27/216 as source-observed,UNREVIEWED,UNDECIDED,MISSING,UNREVIEWED,UNASSIGNED,UNASSIGNED,MISSING,MISSING,source/glyph/rights/property review required
NA-CELL-208,NA-ROW-026,z,NA-VOWEL-008,ụ,zụ,source_observed_26_by_8_cell_candidate,f/v row remains combined unless reviewer approves a derived split; do not treat 27/216 as source-observed,UNREVIEWED,UNDECIDED,MISSING,UNREVIEWED,UNASSIGNED,UNASSIGNED,MISSING,MISSING,source/glyph/rights/property review required
