key,bibtex_key,doi_or_url,status,read_status,needs
T11-C,Ostrom1990,,incomplete,read,add stable bibliographic record
T11-H,Tyler2006,,incomplete,read,add DOI/URL
T11-I,Beetham1991,,incomplete,read,add publisher details
T11-J,Suchman1995,,incomplete,read,add DOI
T11-B,Aguerre2024,,incomplete,read,add stable URL/DOI
T11-E,, ,incomplete,partial,add full citation and URL
T11-F,, ,incomplete,partial,add full citation and URL
T11-U,Onuoha2018,,incomplete,partial,add full citation and page anchors
T11-V,EmeOnyishi2011,,incomplete,partial,add full citation and page anchors
